Arroz Agulhinha Tipo 1 Pop Camil 5 Kg | 14,00
Abacaxi Cristalizado Em Rodelas Helomar 300 Gramas| 10,21
Abacaxi Em Calda Cepêra 400 Gramas| 9,88
Abacaxi Em Calda Helomar 400 Gramas| 8,50
Abacaxi Em Calda Triangulo 400 Gramas| 5,84
Abridor de Lata e Garrafa Aço Inox Brinox| 4,43
Abridor de Latas e Garrafas Inox 20 Cm Tramontina| 96,36
Açaí Com Extrato de Guaraná Médio Fresh 1,5 L| 20,82
Açaí Com Granola Fresh 24 Unidades de 220 Gramas| 114,91
Açaí Com Guaraná Supremo Caixa Com 12 Unidades de 200 Ml| 42,55
Achocolatado Em Pó Chocovilma 12 Unidades de 400 Gramas| 37,79
Achocolatado Em Pó Nutrilcau 1,001 Kg| 5,69
Achocolatado Em Pó Toddy 200 Gramas| 3,08
Achocolatado Em Pó Toddy 400 Gramas| 5,10
Achocolatado Pronto Black Chocomil 27 Unidades de 200 Ml| 25,51
Achocolatado Pronto Chocomil 1 L| 2,78
Achocolatado Pronto Chocomil 27 Unidades de 200 Ml| 19,13
Achocolatado Pronto Chocomil Black 1 L| 3,30
Achocolatado Pronto Pirakids 1 L| 3,39
Achocolatado Pronto Pirakids 27 Unidades de 200 Ml| 17,97
Achocolatado Pronto Toddynho 27 Unidades de 200 Ml| 53,82
Achocolatado Pronto Triangulo 24 Unidades de 200 Ml| 15,21
Achocolatado Zero Açúcar Linea 360 Gramas| 8,28
Áçucar Cristal de Minas 1 Kg| 1,80
Açúcar Cristal de Minas 2 Kg| 3,61
Açúcar Cristal de Minas 5 Unidades de 5 Kg| 42,66
Açúcar Cristal Globoçúcar 1 Kg| 1,93
Açúcar Cristal Globoçúcar 2 Kg| 3,84
Açúcar Cristal Globoçúcar 5 Unidades de 5 Kg| 46,07
Açúcar Cristal Guarani 5 Kg| 7,44
Açúcar de Coco Copra 100 Gramas| 8,19
Açúcar Demerara Guarani 500 Gramas| 2,75
Açúcar Granulado Doçúcar 1 Kg| 4,46
Açúcar Refinado da Barra 10 Unidades de  1 Kg| 26,45
Açúcar Refinado Guarani 10 Unidades de 1 Kg| 19,14
Açúcar Refinado União 10 Unidades de 1 Kg| 24,88
Adoçante Culinário Sucralose Linea 70 Gramas| 11,26
Adoçante Dietético Líquido Cristal Assugrin 100 Ml| 1,90
Adoçante Dietético Líquido Pura Stevia Svili 90 Ml| 8,93
Adoçante Dietético Líquido Sacarina Svili 100 Ml| 2,44
Adoçante Dietético Líquido Stevia 100% Linea 60 Ml| 9,99
Adoçante Dietético Líquido Sucralose Linea 12 Unidades de 75 Ml| 58,40
Adoçante Dietético Líquido Sucralose Linea 75 Ml | 8,39
Adoçante Dietético Líquido Sucralose Svili 90 Ml| 6,48
Adoçante Dietético Líquido Sucralose União 100 Ml| 7,97
Adoçante Dietético Stevia 100% Sachet Linea 50 Unidades de 0.6 Gramas| 7,75
Adoçante Dietético Sucralose Sachet União 50 Unidades de 0,6 Gramas| 4,77
Adoçante Fit Light União 500 Gramas| 3,28
Água de Coco Coco do Vale 1 L| 5,84
Água de Coco Coco do Vale 12 Unidades de 330 Ml| 37,44
Água de Coco Coco do Vale 27 Unidades de 200 Ml| 44,89
Água de Coco Ducoco 1 L| 7,14
Água de Coco Ducoco 27 Unidades de 200 Ml| 51,27
Água de Coco Prisma Tp Ducoco 12 Unidades de 330 Ml| 39,89
Água de Coco Sabor Nordeste 1 L| 4,99
Água de Coco Sococo 1 L| 7,47
Água de Coco Tp Kerococo 1 L| 6,90
Água Mineral Com Gás Aguaí 12 Unidades de 510 Ml| 11,73
Água Mineral Com Gás Ingá 12 Unidades de 330 Ml| 12,56
Água Mineral Com Gás Ingá 12 Unidades de 510 Ml| 13,91
Água Mineral Com Gás Ingá 6 Unidades de 1,5 L| 14,23
Água Mineral Com Gás São Lourenço 12 Unidades de 300 Ml| 14,03
Água Mineral Com Gás São Lourenço 6 Unidades de 1,26 L| 14,46
Água Mineral Com Gás São Lourenço 6 Unidades de 510 Ml| 8,71
Água Mineral Natural Aguaí 12 Unidades de 510 Ml| 9,60
Água Mineral Natural Aguaí 6 Unidades 1,5 L| 9,70
Água Mineral Natural Copo Aguaí 48 Unidades de 200 Ml| 22,46
Água Mineral Natural Ingá 12 Unidades de 330 Ml| 11,74
Água Mineral Natural Ingá 12 Unidades de 510 Ml| 11,73
Água Mineral Natural Ingá 5 L| 5,22
Água Mineral Natural Ingá 6 Unidades 1,5 L| 10,76
Água Mineral Natural São Lourenço 12 Unidades de 300 Ml| 14,03
Água Mineral Natural São Lourenço 6 Unidades de 510 Ml| 8,71
Água Sanitária Classic 12 Unidades de 1 L| 19,31
Água Sanitária Classic 2 L| 3,28
Água Sanitária Marina 12 Unidades de 1 L| 19,78
Água Sanitária Marina 2 L| 3,08
Água Sanitária Santa Clara 12 Unidades 1 L| 21,60
Água Sanitária Super Globo 2 L| 3,89
Água Sanitária Ypê 2 L| 4,88
Alcaparras Média Em Conserva Ting 300 Gramas| 10,50
Álcool Em Gel 70° Bactericida Zulu 500 Ml| 6,90
Álcool Em Gel 80° Fogo Super Sol 500 Ml| 4,14
Álcool Em Gel Antisséptico Asseptgel 70° Start 1,05 Kg| 17,75
Álcool Em Gel Coperalcool 70º 500 Gramas| 7,86
Álcool Em Gel Cristal 62.4 ° Start 500 Ml| 5,32
Álcool Em Gel Fogo 80° Zulu 500 Gramas| 6,80
Álcool Em Gel Fogo Gel Start 500 Ml| 6,06
Álcool Líquido 46,2° Triálcool 12 Unidades de 1 L| 45,65
Álcool Líquido 70° Desinfetante Santa Cruz 12 Unidades de 1 L| 57,02
Álcool Líquido 70° Sol 12 Unidades  de 1 L| 57,55
Álcool Líquido 92,8° Santa Cruz 12 Unidades de 1 L| 62,13
Álcool Líquido 92,8º Santa Cruz 12 Unidades de 500 Ml| 35,95
Álcool Líquido Tradicional 46º Zulu 1 L| 5,63
Álcool Líquido Zulu 70º 1 L| 6,37
Álcool Sólido Acende Fácil Reax 170 Gramas| 7,65
Alho Frito Granulado La Violetera 500 Gramas| 25,11
Amaciante de Roupa Blue Concentrado Ypê 500 Ml| 6,02
Amaciante de Roupas Passa Fácil Mon Bijou Pureza Bom Bril 2 L| 6,21
Amaciante de Roupas Ypê Aconchego 2 L| 6,90
Ameixa Inteira Em Calda Cepêra 400 Gramas| 10,63
Amendoim Branco Pachá 500 Gramas| 4,03
Amendoim Crocante Sabor Levemente Apimentado Pachá 500 Gramas| 7,79
Amendoim Crocante Sabor Levemente Salgado Pachá 500 Gramas| 7,79
Amendoim Crocante Sabor Salsa e Cebola Pachá 500 Gramas| 7,79
Amendoim Crocante Tipo Japonês Pachá 500 Gramas| 7,79
Amendoim Crocante Torrado e Salgado Pachá 500 Gramas| 8,14
Amendoim Cru Amendorei 500 Gramas| 5,10
Amendoim Cru Pachá 500 Gramas| 5,21
Amendoim de Chocolate Dori 700 Gramas| 9,22
Amendoim Torrado e Granulado Amendorei 500 Gramas| 4,83
Amendoim Torrado e Moído Amendorei  500 Gramas| 4,14
Amendoim Torrado Em Grãos Amendorei 500 Gramas| 4,17
Amendoim Torrado Em Grãos Pachá 500 Gramas| 4,24
Amido de Milho Fleischmann 200 Gramas| 2,27
Amido de Milho Fleischmann 500 Gramas| 4,83
Amido de Milho Riconi 500 Gramas| 1,97
Anéis de Cebola Empanados Congelados Grano 450 Gramas| 8,70
Arroz 7 Cereais + Soja Tio João 500 Gramas| 5,95
Arroz Agulhinha Integral Natureza Viva 1 Kg| 4,77
Arroz Agulhinha Orgânico Camil 1 Kg| 7,55
Arroz Agulhinha Tipo 1 Alegrete 5 Kg| 14,14
Arroz Agulhinha Tipo 1 Camil 5 Kg | 16,06
Arroz Agulhinha Tipo 1 Carrijo 5 Kg| 12,07
Arroz Agulhinha Tipo 1 Pilecco Nobre 5 Kg | 17,61
Arroz Agulhinha Tipo 1 Plus Codil 5 Kg | 17,65
Arroz Agulhinha Tipo 1 Prato Fino 5 Kg| 18,50
Arroz Agulhinha Tipo 1 Reserva Especial Camil 5 Kg | 18,03
Arroz Agulhinha Tipo 1 Tio João 2 Kg| 7,76
Arroz Agulhinha Tipo 1 Tio João 5 Kg| 19,42
Arroz Agulhinha Tipo1 Alegrete 1 Kg| 2,90
Arroz Agulhinha Tipo1 Alegrete 2 Kg| 5,69
Arroz Agulhinha Tipo1 Camil 6 Unidades de 5 Kg| 86,50
Arroz Agulhinha Tipo1 Prato Fino 10 Unidades de 1 Kg| 36,98
Arroz Agulhinha Tipo1 Prato Fino 2 Kg| 7,51
Arroz Gourmet Basmati Camil 500 Gramas| 10,42
Arroz Gourmet Preto Camil 250 Gramas| 10,00
Arroz Gourmet Selvagem Camil 250 Gramas| 21,87
Arroz Gourmet Vermelho Camil 500 Gramas| 21,86
Arroz Integral Já Cozido Orgânico Vapza 250 Gramas| 3,75
Arroz Integral Já Cozido Vapza 280 Gramas| 2,99
Arroz Integral Orgânico Prato Fino 1 Kg| 9,46
Arroz Oriental Codil 1 Kg| 4,77
Arroz Oriental Tipo 1  Prato Fino 6 Unidades de 5 Kg| 213,05
Arroz Oriental Tipo 1 Prato Fino 5 Kg| 27,71
Arroz Oriental Tipo1 Prato Fino 1 Kg| 6,17
Arroz Para Risoto Arbório Meu Biju 1 Kg| 12,29
Arroz Para Risoto Carnaroli Camil 1 Kg| 14,57
Arroz Para Risoto Italiano Prato Fino 1 Kg| 13,25
Arroz Parboilizado Integral Prato Fino 1 Kg| 4,20
Arroz Parboilizado Integral Tipo1 Tio João 1 Kg| 4,69
Arroz Parboilizado Tipo 1 Pilecco Nobre 5 Kg| 15,16
Arroz Parboilizado Tipo 1 Prato Fino 5 Kg| 16,65
Arroz Parboilizado Tipo1 Prato Fino 1 Kg| 3,39
Arroz Pró-Integral Tipo 1 Pilecco Nobre 1 Kg | 5,10
Arroz Tradicional Tipo 1 Codil 5 Kg| 13,93
Arroz Tradicional Tp1 Codil 6 Unidades 5 Kg| 76,28
Aspargos Brancos Em Pedaços La Violetera 500 Gramas| 10,87
Aspargos Brancos Inteiro La Violetera 500 Gramas| 14,95
Aspargos Brancos Ting 500 Gramas| 16,73
Aspargos Verdes Gomes da Costa 345 Ml| 14,35
Atum Em Pedaços Ao Natural Light Beira Mar 170 Gramas| 6,07
Atum Em Pedacos Em Óleo Beira Mar 170 Gramas| 6,07
Atum Em Pedaços Em Óleo Beira Mar 340 Gramas| 12,50
Atum Em Pedaços Em Óleo Coqueiro 110 Gramas| 6,45
Atum Em Pedaços Em Óleo Gomes da Costa 120 Gramas| 6,29
Atum Em Pedaços Em Óleo Pouch Gomes da Costa 500 Gramas| 19,96
Atum Pedaços Em Óleo Pouch Coqueiro 480 Gramas| 15,21
Atum Ralado Ao Natural Beira Mar 170 Gramas| 3,94
Atum Ralado Em Água Light Coqueiro 120 Gramas| 4,39
Atum Ralado Em Óleo Beira Mar 170 Gramas| 3,94
Atum Ralado Em Óleo Beira Mar 400 Gramas| 9,67
Atum Ralado Em Óleo Coqueiro 120 Gramas| 4,37
Atum Ralado Em Óleo Gomes da Costa 130 Gramas| 4,29
Atum Ralado Em Óleo Pouch 88 500 Gramas| 12,21
Atum Ralado Em Óleo Pouch Coqueiro 480 Gramas| 15,75
Atum Ralado Em Óleo Pouch Gomes da Costa 500 Gramas| 13,79
Atum Sólido Ao Natural Light Beira Mar 170 Gramas| 6,75
Atum Sólido Com Água Mineral Beira Mar 170 Gramas| 7,02
Atum Sólido Em Óleo Beira Mar 170 Gramas| 6,75
Atum Sólido Em Óleo Gomes da Costa 170 Gramas| 6,75
Aveia Em Flocos Finos Natureza Viva 500 Gramas| 3,43
Aveia Em Flocos Granmais 1 Kg| 7,16
Aveia Em Flocos Médio Contemper 1 Kg| 6,80
Aveia Em Flocos Médio Natureza Viva 500 Gramas| 3,43
Aveia Em Flocos Médio Pink 500 Gramas| 3,76
Aveia Em Flocos Pachá 500 Gramas| 3,28
Azeite de Dendê Pet Cepêra 900 Ml| 12,33
Azeite de Dendê Vidro Cepêra 200 Ml| 4,63
Azeite de Oliva Condimentado Com Alecrim Fresco Vidro Borges 200 Ml| 23,56
Azeite de Oliva Condimentado Com Casquinha de Limão Vidro Borges 200 Ml| 19,58
Azeite de Oliva Condimentado Com Manjericão Fresco Vidro Borges 200 Ml| 23,56
Azeite de Oliva Condimentado Com Molho Shoyu e Gengibre Vidro Borges 200 Ml| 19,58
Azeite de Oliva Extra Virgem Belo Porto 500 Ml| 17,66
Azeite de Oliva Extra Virgem Colheita Madura Vidro Gallo 500 Ml| 24,59
Azeite de Oliva Extra Virgem Equilibrado Vidro Borges 500 Ml| 15,77
Azeite de Oliva Extra Virgem Lata Gallo 200 Ml| 10,43
Azeite de Oliva Extra Virgem Marcante Vidro Borges 500 Ml| 17,86
Azeite de Oliva Extra Virgem Orgânico Vidro Andorinha 500 Ml| 24,15
Azeite de Oliva Extra Virgem Pet Cocinero 250 Ml| 8,71
Azeite de Oliva Extra Virgem Pet Cocinero 500 Ml| 16,91
Azeite de Oliva Extra Virgem Seleção Vidro Andorinha 500 Ml| 19,54
Azeite de Oliva Extra Virgem Spray Andorinha 200 Ml| 17,29
Azeite de Oliva Extra Virgem Suave Vidro Gallo 500 Ml| 23,92
Azeite de Oliva Extra Virgem Vidro Andorinha 250 Ml| 10,52
Azeite de Oliva Extra Virgem Vidro Andorinha 500 Ml| 18,61
Azeite de Oliva Extra Virgem Vidro Borges 250 Ml| 14,63
Azeite de Oliva Extra Virgem Vidro Borges 500 Ml| 20,84
Azeite de Oliva Extra Virgem Vidro Gallo 250 Ml| 13,62
Azeite de Oliva Extra Virgem Vidro La Espanhola 500 Ml| 17,92
Azeite de Oliva Extra Virgem Vidro Maria 500 Ml| 16,80
Azeite de Oliva Extra Virgem Vidro Vivanda 500 Ml| 16,17
Azeite de Oliva Extra Virgem Vintage Vidro Andorinha 500 Ml| 24,15
Azeite de Oliva Lata Gallo 200 Ml| 8,71
Azeite de Oliva Vidro Gallo 250 Ml| 13,62
Azeitona Verde Fatiada Antonella 200 Gramas| 4,25
Azeitona Verde Recheada Antonella 200 Gramas| 4,25
Azeitona Verde Sem Caroço Antonella 200 Gramas| 4,25
Bala Dura Sortida Icekiss 600 Gramas| 5,99
Bala Gelatina Coração Docile 1 Kg| 20,56
Balas de Caramelos de Leite Com Chocolate Embaré 660 Gramas| 10,48
Balas de Caramelos de Leite Original Embaré 660 Gramas| 9,37
Balas de Caramelos Meio A Meio Leite e Chocolate Embaré 660 Gramas| 9,58
Bandeja de Isopor Trl-01 150X150x18 Mm Totalplast Com 400 Unidades| 26,06
Bandeja de Isopor Trl-02 210X140x18 Mm Totalplast Com 400 Unidades| 34,68
Banha Frimesa 1 Kg| 5,64
Barra de Cereais Sabor Maçã,Canela e Uva Passa Zero Açúcar Linea 3 Unidades de 25 Gramas| 4,20
Batata Cubada Já Cozida Vapza 500 Gramas| 2,04
Batata Doce Em Cubos Já Cozida Vapza 500 Gramas| 6,58
Batata Inteira Já Cozida Vapza 500 Gramas| 6,80
Batata Lisa Petisco Croques 200 Gramas| 4,52
Batata Palha Extra Fina Yoki 120 Gramas| 4,31
Batata Palha Life 1 Kg| 10,31
Batata Palha Tradicional Fritex 500 Gramas| 12,54
Batata Palha Yoki 500 Gramas| 13,41
Batata Sabor Barbecue Pringles 128 Gramas| 10,49
Bebida Láctea Sabor Morango Cemil 27 Unidades de 200 Ml| 19,88
Bebida Láctea Vitamina Pirakids 27 Unidades de 200 Ml| 11,33
Bebida Láctea Vitamina Vitamil 1 L| 2,78
Bebida Láctea Vitamina Vitamil Cemil 27 Unidades de 200 Ml| 19,13
Bicarbonato de Sódio Pachá 12 Unidades de 80 Gramas| 13,29
Biscoitão de Queijo Congelado Tia Tânia 2 Kg| 28,82
Biscoito Água e Sal Vilma Caixa Com 36 Unidades de 150 Gramas| 46,92
Biscoito Amanteigado Sabor Chocolate Vilma Caixa Com 20 Unidades de 300 Gramas| 57,64
Biscoito Amanteigado Sabor Coco Vilma Caixa Com 20 Unidades de 300 Gramas| 58,30
Biscoito Amanteigado Sabor Leite Vilma Caixa Com 20 Unidades de 300 Gramas| 56,82
Biscoito Carinho Metade Coberta de Chocolate Barion 1,7 Kg| 49,76
Biscoito Champagne Nataline 360 Gramas| 5,11
Biscoito Cream Cracker Aymoré Caixa Com 40 Unidades de 200 Gramas| 71,11
Biscoito Cream Cracker Integral Vilma Caixa Com 36 Unidades de 150 Gramas| 59,98
Biscoito Cream Cracker Vilma Caixa Com 36 Unidades de 150 Gramas| 46,93
Biscoito de Arroz Integral Chia e Linhaça Mini Camil 150 Gramas| 4,81
Biscoito de Arroz Integral Com Pimenta Mini Camil 150 Gramas| 4,81
Biscoito de Arroz Integral Natural Mini Camil 150 Gramas| 4,81
Biscoito de Polvilho Escaldado Barbiere 150 Gramas| 4,09
Biscoito de Provolone Congelado Forno Mineiro 1 Kg| 14,69
Biscoito Maizena Aymoré Caixa Com 40 Unidades de 200 Gramas| 70,95
Biscoito Maizena Vilma Caixa Com 20 Unidades de 400 Gramas| 59,99
Biscoito Maria Aymoré Caixa Com 30 Unidades de 200 Gramas| 53,36
Biscoito Papa Ovo Barbiere 150 Gramas| 4,09
Biscoito Polvilho Palito Barbiere 150 Gramas| 4,09
Biscoito Recheado Sabor Chocolate Vilma Caixa Com 30 Unidades de 115 Gramas| 32,90
Biscoito Recheado Sabor Limão Vilma Caixa Com 30 Unidades de 115 Gramas| 32,16
Biscoito Recheado Sabor Morango Vilma Caixa Com 30 Unidades de 115 Gramas| 31,66
Biscoito Rosquinha Sabor Chocolate Vilma 800 Gramas| 6,26
Biscoito Rosquinha Sabor Chocolate Vilma Caixa Com 15 Unidades de 330 Gramas| 43,46
Biscoito Rosquinha Sabor Chocolate Vilma Caixa Com 6 Unidades de 800 Gramas| 35,03
Biscoito Rosquinha Sabor Coco Barbieri 800 Gramas| 7,35
Biscoito Rosquinha Sabor Coco Vilma 800 Gramas| 6,26
Biscoito Rosquinha Sabor Coco Vilma Caixa Com 15 Unidades de 330 Gramas| 44,09
Biscoito Rosquinha Sabor Coco Vilma Caixa Com 6 Unidades de 800 Gramas| 35,03
Biscoito Rosquinha Sabor Leite Barbieri 800 Gramas| 7,35
Biscoito Rosquinha Sabor Leite Vilma 800 Gramas| 6,26
Biscoito Rosquinha Sabor Leite Vilma Caixa Com 15 Unidades de 330 Gramas| 46,53
Biscoito Rosquinha Sabor Leite Vilma Caixa Com 6 Unidades de 800 Gramas| 35,03
Biscoito Wafer Com Recheio Sabor Chocolate Krokero 125 Gramas| 1,47
Biscoito Wafer Sabor Chocolate Vilma Caixa Com 40 Unidades de 125 Gramas| 70,97
Biscoito Wafer Sabor Limão Vilma Caixa Com 40 Unidades de 125 Gramas| 75,87
Biscoito Wafer Sabor Morango Vilma Caixa Com 40 Unidades de 125 Gramas| 55,53
Biscoitos Amanteigados Beijinho Com Recheio de Goiabada Antonela 5 Kg| 78,09
Biscoitos Palito de Coco Com Cobertura de Chocolate Antonella 4 Kg| 69,80
Bobina Picotada Fundo Reto 20X30 Cm Hiper Roll Com 700 Unidades| 11,17
Bobina Picotada Fundo Reto 20X35 Cm Phx Smart Com  500 Unidades| 10,48
Bobina Picotada Fundo Reto 25X35 Cm Phx Smart Com 500 Unidades| 12,31
Bobina Picotada Fundo Reto 30X40 Cm Hiper Roll Com 700 Unidades| 22,29
Bobina Picotada Fundo Reto 30X40 Cm Phx Smart Com 500 Unidades| 16,91
Bobina Picotada Fundo Reto 35X45 Cm Hiper Roll Com 500 Unidades| 23,89
Bobina Picotada Fundo Reto 35X45 Cm Phx Smart Com 500 Unidades| 19,15
Bobina Picotada Fundo Reto 40X60 Cm Hiper Roll Com 400 Unidades| 29,10
Bobina Picotada Fundo Reto 40X60 Cm Kromasa Com 300 Unidades| 20,35
Bobina Picotada Fundo Reto 40X60 Cm Phx Smart Com 400 Unidades| 21,80
Brilha Alumínio Brilhex 500 Ml| 1,50
Broinha de Fubá Com Queijo Congelado Tia Tânia 1 Kg| 16,53
Café + Forte Fino Grão 10 Unidades 500 Gramas| 88,09
Café + Forte Fino Grão 20 Unidades  250 Gramas| 88,09
Café Com Leite Em Cápsula 3 Corações 10 Unidades 9 Gramas| 15,72
Café Espresso Chocolate Com Caramelo Em Cápsula 3 Corações 10 Unidades de 10 Gramas| 16,32
Café Expresso Ameno Em Cápsula 3 Corações 10 Unidades de 8 Gramas| 15,21
Café Expresso Atento Em Cápsula 3 Coraçoes 10 Unidades de 8 Gramas| 15,21
Café Expresso Decaf Em Cápsula 3 Corações 10 Unidades 8 Gramas| 15,21
Café Expresso Em Grãos Melitta 1 Kg| 36,60
Café Expresso Pleno Em Cápsula 3 Corações 10 Unidades de 8 Gramas| 15,21
Café Expresso Supremo Em Cápsula 3 Corações 10 Unidades de 8 Gramas| 15,21
Café Expresso Vibrante Em Cápsula 3 Corações 10 Unidades de 8 Gramas| 15,21
Café Extra Forte 3 Corações 10 Unidades de 500 Gramas| 103,20
Café Extra Forte 3 Corações 20 Unidades de 250 Gramas| 103,20
Café Extra Forte A Vácuo Melitta 20 Unidades de 250 Gramas| 109,60
Café Extra Forte A Vácuo Melitta 20 Unidades de 500 Gramas| 219,20
Café Extra Forte Barão 10 Unidades de 500 Gramas| 85,92
Café Extra Forte Café da Roça 10 Unidades de 500 Gramas| 81,38
Café Extra Forte Dom Pedro 10 Unidades de 500 Gramas| 85,31
Café Extra Forte Fino Grão 10 Unidades de 500 Gramas| 91,49
Café Extra Forte Fino Grão 20 Unidades de 250 Gramas| 91,49
Café Filtrado Clássico Em Cápsula 3 Corações 10 Unidades de 7,5 Gramas| 15,21
Café Fort 3 Corações 10 Unidades de 500 Gramas| 88,73
Café Fort 3 Corações 20 Unidades de 250 Gramas| 88,73
Café Forte D+ Barão 10 Unidades de 500 Gramas| 81,63
Café Solúvel 3 Corações 100 Gramas| 10,63
Café Solúvel 3 Corações 200 Gramas| 22,97
Café Solúvel Sachet Melitta 200 Gramas| 10,68
Café Tradicional 3 Corações 10 Unidades de 500 Gramas| 103,20
Café Tradicional 3 Corações 20 Unidades de 250 Gramas| 103,20
Café Tradicional A Vácuo Café da Roça 500 Gramas| 8,61
Café Tradicional A Vácuo Melitta 20 Unidades de 250 Gramas| 109,60
Café Tradicional A Vácuo Melitta 20 Unidades de 500 Gramas| 219,20
Café Tradicional A Vácuo Melitta 250 Gramas| 5,48
Café Tradicional Barão 10 Unidades de 500 Gramas| 85,92
Café Tradicional Café da Roça 10 Unidades de 500 Gramas| 81,38
Café Tradicional Dom Pedro 10 Unidades de 500 Gramas| 85,31
Café Tradicional Fino Grão 10 Unidades de 500 Gramas| 91,49
Café Tradicional Fino Grão 20 Unidades de 250 Gramas| 91,49
Café Tradicional Melitta 1 Kg| 20,14
Café Tradicional Melitta 10 Unidades de 500 Gramas| 109,60
Canela Em Casca Pachá 250 Gramas| 6,26
Canela Em Casca Temperatta 250 Gramas| 6,06
Canela Em Pó Kitano 500 Gramas| 9,82
Canela Em Pó Lg Foods 500 Gramas| 15,89
Canela Em Pó Pachá 12 Unidades de 30 Gramas| 28,61
Canjica Branca Já Cozida Vapza 500 Gramas| 5,17
Canjica de Milho Branca Pachá 10 Unidades de 500 Gramas| 16,86
Canjiquinha Pachá 10 Unidades de 500 Gramas| 11,06
Canjiquinha Xerém Fina Sinhá 20 Unidades de 500 Gramas| 16,33
Canudinho Para Rechear Kero Mais Com 40 Unidades| 8,79
Cappuccino Classic Pote 3 Corações 200 Gramas| 8,30
Cappuccino Diet Pote 3 Corações 150 Gramas| 9,24
Cappuccino Em Cápsula 3 Corações 10 Unidades 11 Gramas| 15,63
Cappuccino Light Pronto 3 Corações 12 Unidades de 187 Ml| 27,96
Cappuccino Sabor Chocolate Pronto 3 Corações 12 Unidades de 187 Ml| 27,96
Cappuccino Zero Açúcar Linea 180 Gramas| 8,50
Carne Bovina Em Tiras Já Cozida Com Molho Vapza 400 Gramas| 18,16
Carne Bovina Seca Já Cozida e Desfiada Com Sal Vapza 400 Gramas| 25,89
Carpaccio Bovino Congelado Sem Osso Aleal 250 Gramas| 24,04
Carvão Vegetal de Eucalipto Miúza 10 Kg| 26,91
Carvão Vegetal de Eucalipto Premium Brasa Certa 10 Kg| 26,80
Catchup Com Mel Hellmann´S Squeeze 380 Gramas| 8,23
Catchup Habanero Cepêra 400 Gramas| 5,27
Catchup Hellmann's Squeeze 380 Gramas| 5,65
Catchup Picante Bonare Goiás Verde 390 Gramas| 4,23
Catchup Picante Pirata 400 Gramas| 4,14
Catchup Tradicional Bonare Goiás Verde 390 Gramas| 4,45
Catchup Tradicional Heinz 397 Gramas| 9,03
Catchup Tradicional Heinz 567 Gramas| 11,37
Catchup Tradicional Pirata 400 Gramas| 4,14
Catchup Zero Açúcar Bonare Goiás Verde 390 Gramas| 4,46
Cera Líquida Incolor Brilhowax Ingleza 850 Ml| 6,90
Cereal Choco Boll Bolinhas de Milho Sabor Chocolate Alca Foods 1 Kg| 14,38
Chá de Camomila e Mel Lipton 10 Saquinhos de 1,2 Gramas| 6,74
Chá de Camomila Lipton 10 Saquinhos de 1 Gramas| 6,74
Chá de Camomila Real 5 Caixas Com 10 Saquinhos de 1 Grama| 9,37
Chá de Camomila Twinings 10 Saquinhos de 1 Gramas| 7,83
Chá de Camomila, Mel e Baunilha Twinings 10 Saquinhos de 1,5 Gramas| 9,17
Chá de Erva Doce Nacional Twinings 10 Saquinhos de 2 Gramas| 7,67
Chá de Frutas Silvestres Twinings 10 Saquinhos de 2 Gramas| 9,17
Chá de Frutas Vermelhas Lipton 10 Saquinhos de 1,5 Gramas| 6,74
Chá de Hortelã Em Cápsula 3 Corações 10 Unidades de 2,5 Gramas| 15,13
Chá de Hortelã Twinings 10 Saquinhos de 1,75 Gramas| 7,83
Chá de Limão e Gengibre Twinings 10 Saquinhos de 1,5 Gramas| 9,17
Chá Mate Sabor Limão Real 5 Caixas Com 20 Saquinhos de 1,6 Gramas| 11,94
Chá Mate Sabor Natural Real 5 Caixas Com 20 Saquinhos de 1,6 Gramas| 11,99
Chá Mate Sabor Natural Real 5 Caixas de 100 Gramas| 11,87
Chá Mate Sabor Natural Real 5 Caixas de 250 Gramas| 21,06
Chá Misto de Camomila e Com Sabor Mel Real 5 Caixas Com 10 Saquinhos de 1,4 Gramas| 13,60
Chá Misto de Limão e Gengibre Com Sabor Mel Real 5 Caixas Com 10 Saquinhos de 1,4 Gramas| 12,19
Chá Misto de Maçã Com Canela Real 5 Caixas Com 10 Saquinhos de 1,5 Gramas| 16,51
Chá Misto de Morango Real 5 Caixas Com 10 Saquinhos de 1,5 Gramas| 17,48
Chá Misto Suave Noite Real 5 Caixas Com 10 Saquinhos de 1,5 Gramas| 12,73
Chá Preto Earl Grey Twinings 10 Saquinhos de 2 Gramas| 9,17
Chá Preto English Breakfast Lipton 10 Saquinhos de 2 Gramas| 6,74
Chá Preto English Breakfast Twinings 10 Saquinhos de 2 Gramas| 9,17
Chá Preto Frutas Vermelhas Twinings 10 Saquinhos de 2 Gramas| 9,17
Chá Preto Indian Chai Twinings 10 Saquinhos de 2 Gramas| 9,17
Chá Preto Lady Grey Twinings 10 Saquinhos de 2 Gramas| 9,17
Chá Sabor Capim Cidreira Real 5 Caixas Com 10 Saquinhos de 1 Grama| 8,14
Chá Sabor Erva Doce Real 5 Caixas Com 10 Saquinhos de 1,5 Gramas| 10,62
Chá Sabor Hortelã Real 5 Caixas Com 10 Saquinhos de 1 Grama| 8,14
Chá Verde e Hortelã Twinings 10 Saquinhos de 2 Gramas| 9,17
Chá Verde Real 5 Caixas Com 10 Saquinhos de 1,5 Gramas| 12,41
Chá Verde Sabor Abacaxi Com Hortelã Real 5 Caixas Com 10 Saquinhos de 1,5 Gramas| 14,03
Chá Verde Twinings 10 Saquinhos de 2 Gramas| 9,17
Chantilly Creme Spray Fleischmann 240 Ml| 20,28
Chantilly de Chocolate Fleischmann 200 Ml| 3,89
Chantilly Fleischmann 200 Ml| 3,69
Chipa Biscoito de Queijo Ferradura Tia Tânia 1 Kg| 15,17
Chocolate Ao Leite Zero Açúcar Linea 250 Gramas| 13,59
Chocolate Meio Amargo Dark Zero Açúcar Linea 250 Gramas| 13,59
Chocolate Quente Em Cápsula 3 Corações 10 Unidades de 11 Gramas| 16,36
Chutney de Manga Hemmer 210 Gramas| 14,32
Clara de Ovo Pasteurizada e Resfriada Fleischeggs 500 Gramas| 6,25
Cloro Classic 12 Unidades de 1 L| 25,84
Cloro Classic 2 L| 4,25
Cloro Marina 1 L| 2,27
Cloro Marina 2 L| 4,24
Cloro Santa Clara 2 L| 4,84
Coalho Líquido Servale 200 Ml| 5,10
Cobertura Para Taça Sabor Brigadeiro Marvi 300 Gramas| 5,14
Cobertura Para Taça Sabor Chocolate Diet Marvi 300 Gramas| 12,01
Cobertura Para Taça Sabor Morango Diet Marvi 300 Gramas| 11,16
Cobertura Skimó Para Sorvete Magic Marvi 245 Gramas| 7,55
Colher Indiana Descartável Branca Plastilânia Com 25 Unidades| 3,09
Colher Para Refeição Branca Reforçada Strawplast Com 20 Unidades| 2,75
Colher Para Refeição Cristal Prafesta Com 50 Unidades| 2,65
Colher Para Refeição Cristal Reforçada Strawplast Com 20 Unidades| 2,75
Colher Para Refeição Cristal Strawplast Com 50 Unidades| 2,66
Colher Para Refeição Master Prata Strawplast Com 50 Unidades| 6,70
Colher Para Refeição Preta Reforçada Strawplast Com 20 Unidades| 2,75
Colher Para Sobremesa Cristal Plastfood Com 1.000 Unidades| 40,95
Colher Para Sobremesa Cristal Plastfood Com 50 Unidades| 2,34
Colher Para Sobremesa Cristal Plazapel Com 50 Unidades| 1,97
Colher Para Sobremesa Cristal Strawplast Com 50 Unidades| 2,12
Colherzinha Para Café / Brigadeiro Branca Strawplast Com 200 Unidades| 5,10
Colherzinha Para Café / Brigadeiro Cristal Plastilânia Com 500 Unidades| 13,50
Copo Cristal Descartável 200 Ml Bello Plastilânia Com 25 Unidades| 2,89
Copo Cristal Descartável 300 Ml Bello Plastilânia Com 25 Unidades| 3,59
Copo Cristal Para Refrigerante Descartável 300 Ml Plazapel Com 10 Unidades| 4,55
Copo Cristal Para Whisky Descartável 300 Ml Plazapel Com 10 Unidades| 4,99
Copo de Isopor 120 Ml Copobras Com 25 Unidades| 4,20
Copo de Isopor 300 Ml Copobras Com 25 Unidades| 4,62
Copo Descartável 200 Ml Branco Copoplast Com 100 Unidades| 2,71
Copo Descartável 300 Ml Branco Copoplast Com 100 Unidades| 4,03
Copo Descartável 330 Ml Transparente Liso Copaza Com 50 Unidades| 4,63
Copo Descartável 400 Ml Branco Copoplast Com 50 Unidades| 4,15
Copo Descartável 440 Ml Transparente Liso Copaza Com 50 Unidades| 6,76
Copo Descartável 50 Ml Branco Copoplast Com 100 Unidades| 1,26
Copo Descartável 500 Ml Branco Copoplast Com 50 Unidades| 5,10
Copo Descartável 550 Ml Transparente Liso Copaza Com 50 Unidades| 8,71
Copo Descartável 770 Ml Transparente Liso Copaza Com 50 Unidades| 14,95
Copo Descartável Branco 200 Ml Copobras Com 100 Unidades| 3,28
Copo Descartável Branco 300Ml Copobras Com 100 Unidades| 5,32
Copo Descartável Branco 50 Ml Copobras Com 100 Unidades| 1,97
Copo Descartável Pp Branco 200 Ml Copobras Com 100 Unidades| 3,56
Copo Descartável Pp Transparente 200 Ml Copobras Com 100 Unidades| 3,56
Copo Descartável Transparente 200 Ml Copobras Com 100 Unidades| 3,28
Copo Descartável Transparente 220 Ml Copobras Com 50 Unidades| 4,46
Copo Descartável Transparente 300Ml Copobras Com 50 Unidades| 3,93
Copo Descartável Transparente 400 Ml Copobras Com 50 Unidades| 7,40
Coração de Frango Congelado Seara 1 Kg| 16,61
Coraçãozinho de Frango Congelado Nat 1 Kg| 19,65
Costela Suína Com Molho Barbecue Seara 1 Kg| 30,40
Cous Cous Granoro 1 Kg| 12,71
Couve-Flor Congelada Em Florets Ati-Gel 1,5 Kg| 9,29
Coxa de Frango Congelado Seara 1 Kg| 6,47
Creme Crocante Ovomaltine 260 Gramas| 13,24
Creme de Alho Magliane 250 Ml| 4,99
Creme de Leite 17% de Gordura Piracanjuba 27 Unidades de 200 Gramas| 65,53
Creme de Leite Camponesa 27 Unidades de 200 Ml| 69,15
Creme de Leite Camponesa 27 Unidades de 200 Ml| 69,15
Creme de Leite Cemil 27 Unidades de 200 Gramas| 65,91
Creme de Leite Fresco Chantyblanc 500 Gramas| 8,28
Creme de Leite Fresco Pasteurizado Dona Formosa 500 Gramas| 12,22
Creme de Leite Gourmet 30% de Gordur Piracanjuba 200 Gramas| 3,10
Creme de Leite Itambé 24 Unidades de 200 Gramas| 42,08
Creme de Leite Itambé 27 Unidades de 200 Gramas| 65,42
Creme de Leite Zero Lactose Piracanjuba 200 Ml| 2,67
Creme de Milho Pachá 500 Gramas| 1,24
Creme de Milho Sinhá 500 Gramas| 1,07
Creme de Pimenta Mexicano Magliane 250 Ml| 6,50
Creme de Pimenta Mexicano Quema Guela Magliane 250 Ml| 6,59
Creme de Pimenta Premium Imperador 240 Gramas| 7,60
Cuscuz Sinhá 500 Gramas| 0,99
Desengordurante Classic 500 Ml| 2,71
Desengordurante Pratice Bom Bril 500 Ml| 4,68
Desengordurante Squeese Uau 500 Ml| 5,81
Desentupidor de Pias e Ralos Noviça Bettanin Unidade| 7,13
Desentupidor Líquido Diabo Verde 1 L| 24,04
Desincrustante Alcalino Soda Cáustica Politriz 1 Kg| 10,96
Desinfetante Azulim Mariner Start 2 L| 6,64
Desinfetante Azulim Mariner Start 2 L| 6,64
Desinfetante Eucalipto Bak Ypê 2 L| 5,31
Desinfetante Eucalipto Batuta Ingleza 2 L| 6,48
Desinfetante Eucalipto Classic 2 L| 4,03
Desinfetante Eucalipto Kalipto Bom Bril 750 Ml| 2,29
Desinfetante Floral Bak Ypê 2 L| 5,38
Desinfetante Floral Batuta Ingleza 2 L| 6,48
Desinfetante Floral Classic 2 L| 4,03
Desinfetante Lavanda Bak Ype 2 L| 5,58
Desinfetante Lavanda Batuta Ingleza 2 L| 6,48
Desinfetante Lavanda Classic 2 L| 4,03
Desinfetante Lysoclin Bruto 1 L| 8,28
Desinfetante Marine Leitoso Politriz 1,75 L| 3,34
Desinfetante Pinho Silvestre Bom Bril 1 L| 4,95
Desinfetante Sanitizante Em Pó Clorado Para Frutas,Verduras e Legumes Ingleza 400 Gramas| 11,76
Desinfetante Sanitizante Em Pó Clorado Para Frutas,Verduras e Legumes Startclor 1 Kg| 13,17
Detergente Desengordurante Scotch Brite  1 L| 9,34
Detergente Desincrustante Scotch Brite 1 L| 7,86
Detergente Líquido Clear Ypê 24 Unidades de 500 Ml| 40,10
Detergente Líquido Coco Ypê 24 Unidades de 500 Ml| 40,10
Detergente Líquido Cristal Limpol 24 Unidades de 500 Ml| 36,59
Detergente Líquido Limão Limpol 24 Unidades de 500 Ml| 36,59
Detergente Líquido Limão Ypê 24 Unidades de 500 Ml| 40,10
Detergente Líquido Maça Ypê 24 Unidades de 500 Ml| 40,10
Detergente Líquido Neutro Limpol 24 Unidades de 500 Ml| 36,59
Detergente Líquido Neutro Ypê 24 Unidades de 500 Ml| 40,10
Disco Decorativo de Páscoa Coleção 2013 Rich's Com 12 Unidades| 38,38
Doce de Leite Diet (Pasta) Haribol 970 Gramas| 25,09
Doce de Leite Puro Tradicional Viçosa 800 Gramas| 22,75
Doce de Leite Puro Vidro Aviação 600 Gramas| 11,26
Empanados de Frango Chicken Bits Rezende 1 Kg| 11,77
Erva Doce Temperatta 500 Gramas| 18,30
Ervilha Ao Natural Bonduelle 24 Unidades de 200 Gramas| 62,08
Ervilha Cozida No Vapor Fugini 24 Unidades de 200 Gramas| 36,40
Ervilha Dez 24 Unidades de 200 Gramas| 28,10
Ervilha Goiás Verde 24 Unidades de 200 Gramas| 35,62
Ervilha Partida Camil 500 Gramas| 4,88
Ervilha Tradicional Bonduelle 24 Unidades de 170 Gramas| 50,96
Escova Bicolor Oval Scotch Brite Unidade| 1,62
Escova de Roupa Bettajeans Noviça Bettanin Unidade| 3,39
Escova Varremesa Noviça Bettanin Unidade| 7,55
Esfregão e Reservatório Spray Mop Bralimpia| 228,44
Espetinho de Frango Rivelli 1 Kg| 10,45
Espetinho Para Petisco Cristal Plastilânia Com 500 Unidades| 17,44
Espeto de Bambu 18 Cm Golf Com 50 Unidades| 3,19
Espeto de Bambu Com Nó 9 Cm  Knotted Sticks Com 50 Unidades| 2,75
Espeto de Bambu Para Algodão Doce 40 Cm Natural Com 100 Unidades| 5,73
Espeto de Bambu Para Churrasco 25 Cm Paraná Com 500 Unidades| 14,84
Espeto Para Churrasco 25 Cm Paraná Com 50 Unidades| 1,90
Espeto Para Churrasco 30 Cm Pachá 50 Unidades| 2,02
Espeto Para Churrasco Theoto 100 Unidades| 3,29
Esponja Antiaderente Limppano Com 3 Unidades| 3,08
Esponja de Lã de Aço Assolan 14 Embalagens Com 8 Unidades| 19,24
Esponja de Lã de Aço Bom Bril 14 Embalagens Com 8 Unidades| 19,78
Esponja Dupla Face Scotch Brite Com 10 Unidades| 7,22
Esponja Em Aço Inox Limppano Unidade| 1,90
Esponja Esfrebom Limpeza Pesada Bettanin Unidade| 3,70
Esponja Esfrebom Metálica Bettanin Unidade| 4,00
Esponja Esfrebom Não Risca Bettanin Com 3 Unidades| 3,56
Esponja Fibra Abrasiva L.Grill Limp 3Un| 3,28
Esponja Krespinha Inox Bom Bril 16 Gramas| 1,80
Esponja Limpa Grill Scotch Brite Unidade| 4,35
Esponja Limpeza Pesada Scotch Brite Com 2 Unidades| 4,92
Esponja Mágica Scotch Brite Unidade| 6,80
Esponja Metálica Scotch Brite Unidade| 3,50
Esponja Multiuso Assolan Unidade| 0,45
Esponja Multiuso Bom Bril Com 3 Unidades| 2,43
Esponja Multiuso Esfrebom Bettanin Com 12 Unidades| 13,08
Esponja Multiuso Esfrebom Bettanin Com 4 Unidades| 3,35
Esponja Multiuso Limppano Com 12 Unidades| 8,40
Esponja Multiuso Limppano Com 4 Unidades| 2,54
Esponja Multiuso Rayum Colors Limppano Com 3 Unidades| 4,84
Esponja Multiuso Salva-Unhas Scotch Brite Unidade| 2,24
Esponja Não Risca Azul Scotch Brite Com 3 Unidades| 3,20
Esponja Prateada Scotch Brite Com 3 Unidades| 8,16
Essência Concentrada de Citronela Marina 100 Ml| 4,14
Essência Concentrada de Lavanda Marina 100 Ml| 4,14
Extrato de Tomate Lata Bonare Goiás Verde 340 Gramas| 1,89
Faca Para Refeição Cristal Reforçada Strawplast Com 20 Unidades| 2,75
Faca Para Refeição Cristal Strawplast Com 50 Unidades| 2,75
Faca Para Refeição Master Prata Plastilânia Com 50 Unidades| 6,49
Faca Para Refeição Preta Reforçada Strawplast Com 20 Unidades| 2,75
Farelo de Trigo Fino Tostado Natureza Viva 500 Gramas| 3,71
Farinha de Aveia Natureza Viva 500 Gramas| 4,35
Farinha de Banana Verde Contemper 250 Gramas| 9,29
Farinha de Centeio Integral Natureza Viva 1 Kg| 7,12
Farinha de Linhaça Marrom Contemper 200 Gramas| 3,98
Farinha de Linhaça Marrom Natureza Viva 250 Gramas| 3,71
Farinha de Mandioca Amarela Fina Amafil  500 Gramas| 3,71
Farinha de Mandioca Branca Pachá 10 Unidades de 1 Kg| 43,14
Farinha de Mandioca Torrada Amafil 20 Unidades de 1 Kg| 83,73
Farinha de Mandioca Torrada Amafil Biju 20 Unidades de 500 Gramas| 55,53
Farinha de Mandioca Torrada Pachá 10 Unidades de 1 Kg| 46,84
Farinha de Mandioca Torrada Zumbi 10 Unidades de 1 Kg| 49,30
Farinha de Mandioca Zumbizinha 10 Unidades de 1 Kg| 34,24
Farinha de Milho Biju Amafil 20 Unidades de 1 Kg| 92,68
Farinha de Milho Biju Sinhá 20 Unidades de 500 Gramas| 28,25
Farinha de Milho Flocão Pachá 500 Gramas| 1,07
Farinha de Milho Flocão Sinha 500 Gramas| 1,29
Farinha de Milho Kipolenta Milharina Yoki 500 Gramas| 1,79
Farinha de Milho Pachá 10 Unidades de 500 Gramas| 16,36
Farinha de Milho Polenta Sinhá 500 Gramas| 1,26
Farinha de Milho Rocinha 20 Unidades de 500 Gramas| 38,50
Farinha de Rosca Pachá 10 Unidades de 500 Gramas| 23,11
Farinha de Trigo Com Fermento Dona Benta 10 Unidades de 1 Kg| 37,51
Farinha de Trigo Com Fermento Rosa Branca 10 Unidades de 1 Kg| 23,62
Farinha de Trigo Com Fermento Vilma 10 Unidades de 1Kg| 26,07
Farinha de Trigo Especial Tipo 1 Antonella 10 Unidades de 1 Kg| 24,62
Farinha de Trigo Especial Tipo 1 Boa Sorte 10 Unidades de 1 Kg| 28,17
Farinha de Trigo Especial Tipo 1 Plástico Vilma 10 Unidades de 1 Kg| 25,43
Farinha de Trigo Especial Tipo 1 Renata 10 Unidades de 1 Kg| 46,14
Farinha de Trigo Especial Tipo 1 Rosa Branca 10 Unidades de 1 Kg| 22,27
Farinha de Trigo Especial Tipo 1 Útil 10 Unidades de 1 Kg| 23,51
Farinha de Trigo Especial Tipo1 Dona Benta 10 Unidades de 1 Kg| 31,59
Farinha de Trigo Especial Tipo1 Papel Vilma 10 Unidades de 1 Kg| 25,43
Farinha de Trigo Integral Renata 1 Kg| 5,09
Farinha de Trigo Integral Vilma 500 Gramas| 1,87
Farinha de Trigo Sêmola Trigo Durum Renata 1 Kg| 10,11
Farinha de Trigo Sêmola Trigo Durum Renata 10 Unidades de 1 Kg| 105,71
Farinha Sem Glúten Aminna 500 Gramas| 10,87
Farofa de Mandioca Yoki 500 Gramas| 4,24
Farofa Pronta de Mandioca Pachá 20 Unidades de 300 Gramas| 41,18
Farofa Pronta de Mandioca Sabor Bacon Pachá 20 Unidades de 300 Gramas| 41,18
Farofa Pronta de Mandioca Sabor Picanha Pachá 20 Unidades de 300 Gramas| 41,18
Farofa Pronta de Milho Pachá 20 Unidades de 300 Gramas| 41,18
Fécula de Mandioca Marinêz 20 Unidades de 1 Kg| 87,72
Fécula de Mandioca Pachá 1 Kg| 5,58
Feijão Branco Pachá 500 Gramas| 4,04
Feijão Carioca Já Cozido Vapza 500 Gramas| 5,99
Feijão Carioca Premium Codil 10 Unidades de 1 Kg| 35,69
Feijão Carioca Premium Pink 1 Kg| 3,19
Feijão Carioca Premium Zumbi 10 Unidades de 1 Kg| 28,57
Feijão Carioca Tipo1 Pachá 10 Unidades de 1 Kg| 28,50
Feijão Carioca Tradicional Codil 10 Unidades de 1 Kg| 31,06
Feijão Fradinho Já Cozido Vapza 500 Gramas| 6,12
Feijão Fradinho Pachá 10 Unidades de 500 Gramas| 39,51
Feijão Fradinho Pachá 500 Gramas| 3,65
Feijão Jalo Pachá 1 Kg| 5,27
Feijão Preto Já Cozido Orgânico Vapza 250 Gramas| 3,67
Feijão Preto Já Cozido Vapza 500 Gramas| 5,99
Feijão Preto Premium Pink 1 Kg| 3,61
Feijão Preto Tipo 1 Codil 10 Unidades de 1 Kg| 41,38
Feijão Preto Tipo1 Pachá 10 Unidades de 1 Kg| 41,37
Feijão Preto Zumbi 10 Unidades de 1 Kg| 41,38
Feijão Roxo Premium Pink 1 Kg| 4,91
Feijão Vermelho Tipo1 Pachá 1 Kg| 5,23
Feijoada Pronta Vapza 500 Gramas| 14,13
Fermento Biológico Instantâneo Fleischmann 68 Unidades de 10 Gramas| 64,89
Fermento Em Pó Químico Fleischmann 100 Gramas| 2,32
Fermento Em Pó Químico Fleischmann 250 Gramas| 5,02
Fermento Seco Fleischmann 100 Gramas| 4,54
Figo Seco Uniagro 500 Gramas| 21,91
Figos Em Calda Cepêra 400 Gramas| 10,95
Figos Em Calda Especial Lata Crochemore 450 Gramas| 8,28
Figos Em Calda Helomar 2 Kg| 35,53
Figos Em Calda Helomar 400 Gramas| 8,08
Figos Em Calda Oderich 450 Gramas| 11,06
Filé de Peito de Frango Cozido e Desfiado Pif Paf 500 Gramas| 8,83
Filé de Peito de Frango em Cubos Temperado Pif Paf 500 Gramas| 5,78
Filé de Peito Frango Temperado Seara 1 Kg| 6,47
Filé de Sardinha Em Óleo Gomes da Costa 125 Gramas| 6,06
Filezinho de Peito de Frango Sassami Congelado Nat 1 Kg| 9,46
Filme de Pvc Esticável Alpfilm 28Cm X 100M| 8,39
Filme de Pvc Esticável Alpfilm 28Cm X 15M Alpfilm| 1,70
Filme de Pvc Esticável Alpfilm 28Cm X 30M| 2,97
Filme de Pvc Esticável Alpfilm 28Cm X 50M| 4,31
Filme de Pvc Esticável Alpfilm 38Cm X 100M| 10,84
Filme de Pvc Esticável Boreda 30 M| 3,50
Filme de Pvc Esticável Fasfilme 280X100 M| 9,89
Filme de Pvc Esticável Fasfilme 280X30 M| 3,35
Filtro de Papel 102 3 Corações 30 Unidades| 2,55
Filtro de Papel 102 3 Corações com 40 Caixas com 30 Unidades| 83,24
Filtro de Papel 102 Melitta 6 Caixas Com 30 Unidades| 12,84
Filtro de Papel 103 Melitta 6 Caixas Com 30 Unidades| 15,00
Filtro de Papel Com Aba 103 3 Corações 30 Unidades| 2,45
Flocos de Milho Com Açúcar Alca Foods 1 Kg| 13,57
Flocos de Milho Com Açúcar Granmais 200 Gramas| 3,39
Flocos de Milho Sem Açúcar Alca Foods 1 Kg| 15,25
Forma Para Panetone Forneável 100 Gramas Com 50 Unidades| 6,70
Forma Para Páscoa Amsterdan 300 Gramas Com 50 Unidades| 30,21
Forminha de Papel Azul Royal Número 5 Junco Com 100 Unidades| 0,84
Forminha de Papel Branca Número 1 Junco Com 100 Unidades| 1,59
Forminha de Papel Branca Número 2 Junco Com 100 Unidades| 1,40
Forminha de Papel Branca Número 3 Junco Com 100 Unidades| 1,02
Forminha de Papel Branca Número 3 Regina Com 100 Unidades| 1,72
Forminha de Papel Branca Número 4 Junco Com 100 Unidades| 0,96
Forminha de Papel Branca Número 4 Regina Com 100 Unidades| 1,40
Forminha de Papel Branca Número 5 Junco Com 100 Unidades| 0,84
Forminha de Papel Laranja  Número 3 Junco Com 100 Unidades| 1,02
Forminha de Papel Laranja Número 2 Junco Com 100 Unidades| 1,38
Forminha de Papel Laranja Número 4 Junco Com 100 Unidades| 0,96
Forminha de Papel Laranja Número 4 Regina Com 100 Unidades| 1,70
Forminha de Papel Marrom Número 2 Junco Com 100 Unidades| 1,38
Forminha de Papel Marrom Número 3 Junco Com 100 Unidades| 1,02
Forminha de Papel Marrom Número 3 Regina Com 100 Unidades| 2,01
Forminha de Papel Marrom Número 4 Junco Com 100 Unidades| 0,96
Forminha de Papel Marrom Número 5 Junco Com 100 Unidades| 0,80
Forminha de Papel Rosa Número 3 Junco Com 100 Unidades| 1,02
Forminha de Papel Rosa Número 4 Junco Com 100 Unidades| 0,96
Forminha de Papel Rosa Número 4 Regina Com 100 Unidades| 1,80
Forminha de Papel Rosa Número 5 Junco Com 100 Unidades| 0,84
Forminhas Para Doces e Bombons Camelia Ouro e Branco Doce Papel Com 40 Unidades| 19,54
Fósforo Paraná Tradicional Madeira 20 Pacotes| 50,16
Frango Inteiro Congelado Real Kg| 5,96
Frutose Lowçucar 500 Gramas| 19,14
Fubá de Canjica Pachá 10 Unidades de 1 Kg| 44,74
Fubá de Canjica Rocinha 10 Unidades de 1 Kg| 47,43
Fubá Mimoso Pachá 10 Unidades de 1Kg| 13,93
Fubá Mimoso Sinhá 20 Unidades de 1 Kg| 31,48
Fundo Rendado Tapetinho 7Cm Com 1000 Unidades| 16,27
Fundo Rendado Tapetinho 9 Cm Com 1000 Unidades| 25,05
Garfo e Faca Para Refeição Branco Reforçado Strawplast Com 20 Unidades| 12,22
Garfo Para Refeição Branco Reforçado Strawplast Com 20 Unidades| 2,75
Garfo Para Refeição Cristal Prafesta Com 50 Unidades| 2,65
Garfo Para Refeição Cristal Reforçado Strawplast Com 20 Unidades| 2,75
Garfo Para Refeição Cristal Strawplast Com 50 Unidades| 2,75
Garfo Para Refeição Master Prata Plastilânia Com 50 Unidades| 6,49
Garfo Para Refeição Preto Reforçado Strawplast Com 20 Unidades| 2,75
Garfo Para Sobremesa Cristal Plazapel Com 50 Unidades| 1,97
Garfo Para Sobremesa Cristal Strawplast Com 50 Unidades| 2,12
Gel Adesivo Sanitário Duplo Power Lavanda Inspira Limppano Com 12 Unidades| 8,50
Gelatina de Abacaxi Regular Fleischmann 30 Gramas| 0,84
Gelatina de Abacaxi Zero Açúcar Fleischman 12 Gramas| 1,70
Gelatina de Abacaxi Zero Açúcar Linea 10 Gramas| 1,90
Gelatina de Cereja Regular Fleischmann 30 Gramas| 0,84
Gelatina de Cereja Zero Açúcar Fleischmann 12 Gramas| 1,70
Gelatina de Cereja Zero Açúcar Linea 10 Gramas| 1,90
Gelatina de Cereja Zero Açúcar Lowçucar 200 Gramas| 15,10
Gelatina de Framboesa Regular Fleischmann 30 Gramas| 0,84
Gelatina de Framboesa Zero Açúcar Fleischmann 12 Gramas| 1,70
Gelatina de Framboesa Zero Açúcar Lowçúcar 200 Gramas| 15,10
Gelatina de Limão Regular Fleischman 30 Gramas| 0,84
Gelatina de Limão Zero Açúcar Linea 10 Gramas| 1,90
Gelatina de Morango Regular Fleischmann 30 Gramas| 0,84
Gelatina de Morango Zero Açúcar Fleischmann 12 Gramas| 1,70
Gelatina de Morango Zero Açúcar Linea 10 Gramas| 1,90
Gelatina de Morango Zero Açúcar Lowçucar 200 Gramas| 15,10
Gelatina de Uva Regular Fleischmann 30 Gramas| 0,84
Gelatina de Uva Zero Açúcar Fleischmann 12 Gramas| 1,70
Gelatina de Uva Zero Açúcar Linea 10 Gramas| 1,90
Gelatina de Uva Zero Açúcar Lowcúcar 200 Gramas| 15,52
Geleia de Abacaxi Ritter 400 Gramas| 9,64
Geleia de Amora Ritter 310 Gramas| 10,13
Geleia de Amora Zero Açúcar Ritter 260 Gramas| 11,48
Geleia de Blueberry Ritter 310 Gramas| 10,13
Geleia de Figo Ritter 310 Gramas| 8,44
Geleia de Framboesa Ritter 310 Gramas| 10,13
Geleia de Frutas Vermelhas Ritter 310 Gramas| 10,13
Geleia de Goiaba Zero Açúcar Linea 230 Gramas| 12,55
Geleia de Goiaba Zero Açúcar Ritter 260 Gramas| 8,82
Geleia de Hortelã Ritter 310 Gramas| 8,44
Geleia de Jabuticaba Zero Açúcar Linea 230 Gramas| 12,55
Geleia de Mirtilo Zero Açúcar Linea 230 Gramas| 12,55
Geleia de Morango Ritter 310 Gramas| 10,13
Geleia de Morango Ritter 400 Gramas| 11,89
Geleia de Morango Zero Açúcar Linea 230 Gramas| 12,55
Geleia de Morango Zero Açúcar Ritter 260 Gramas| 11,48
Geleia de Pimenta Vermelha Ritter 310 Gramas| 8,44
Geleia de Uva Ritter 310 Gramas| 8,44
Gérmen de Trigo Tostado Natureza Viva 250 Gramas| 3,50
Goiaba Em Calda Cepêra Lata 400 Gramas| 12,97
Goiabada Em Barra Val 500 Gramas| 2,97
Granola Sem Açúcar Natureza Viva 450 Gramas| 6,45
Granola Tradicional Cereal Matinal Alca Foods 1 Kg| 16,62
Granola Tradicional Contemper 1 Kg| 9,88
Granola Tradicional Granmais 1 Kg| 9,51
Granola Tradicional Natureza Viva 450 Gramas| 6,10
Grão de Bico Já Cozido Vapza 500 Gramas| 6,74
Grão de Bico Pachá 10 Unidades de 500 Gramas| 55,96
Grão de Bico Suave Bonduelle 24 Unidades de 200 Gramas| 58,71
Guardanapo 20X21,5 Cm Premium Nobre Com 50 Unidades| 0,84
Guardanapo 22,5X22,5 Cm  Folha Dupla Bioklim Com 50 Unidades| 2,54
Guardanapo 22,7X22,8 Cm Kitchen Com 8 Pacotes Com 50 Guadanapos Cada| 9,63
Guardanapo 22X23 Cm Sorella Pacote Com 50 Unidades| 1,19
Guardanapo 30X29,5 Cm Premium Nobre Com 50 Unidades| 1,54
Guardanapo 30X30,5 Cm Sorella Pacote Com 50 Unidades| 2,12
Guardanapo 36X28 Cm Folha Dupla Relevo Com 50 Unidades| 5,84
Hambúrguer Ave e Bovino Rezende 2,01 Kg Com 36 Unidades| 18,92
Hambúrguer Ave e Bovino Texas Burguer 2,01 Kg Com 36 Unidades| 20,30
Hambúrguer de Carne Bovina Brasa Burguers Caixa Com 36 Unidades de 56 Gramas| 19,50
Hambúrguer de Carne Bovina Mar & Mar Caixa Com 36 Unidades de 56 Gramas| 19,25
Hambúrguer de Carne Bovina Plena Caixa Com 36 Unidades de 56 Gramas| 20,13
Hambúrguer de Carne Bovina Sabor Artificial de Picanha Brasa Burguers Caixa Com 30 Unidades de 120 Gramas| 38,41
Hambúrguer de Carne Bovina Sabor Artificial de Picanha Brasa Burguers Caixa Com 36 Unidades de 56 Gramas| 19,50
Hambúrguer de Carne Bovina Sabor Picanha Brasa Burguers Caixa Com 36 Unidades de 90 Gramas| 34,57
Hambúrguer de Frango Brasa Burguers Caixa Com 36 Unidades de 56 Gramas| 19,50
Hambúrguer de Frango Mar & Mar Caixa Com 36 Unidades de 56 Gramas| 22,12
Hambúrguer de Frango Pif Paf 2,016 Kg Com 36 Unidades| 18,86
Hambúrguer Misto de Carne Bovina e Carne de Frango Brasa Burguers Caixa Com 36 Unidades de 56 Gramas| 19,50
Iogurte Natural Desnatado Zero Açúcar Verde Campo 500 Gramas| 4,02
Iogurte Natural Desnatado Zero Lactose Verde Campo 500 Gramas| 4,35
Isqueiro Bic Mini J5 Cartela Com 12 Unidades| 36,48
Kit Com 1 Catchup Tradicional 397 Gramas, 1 Maionese 215 Gramas e 1 Mostarda 255 Gramas Heinz| 18,30
Kit Com 6 Tipos de Molhos Diferenciados Molho de Ervas, Chimichurry, Curry, Pimenta Forte e Mostarda Temperatta 150 Ml Cada| 11,91
Kit Com 6 Tipos de Molhos Diferenciados Molho de Shoyu, Pimenta, Alho,Carne ,Inglês e Alho Com Pimenta Temperatta 150 Ml Cada| 11,91
Kit de Pano Limpa Vidros Scotch Brite Com 2 Unidades| 13,76
Leite Condensado Cemil 27 Unidades de 395 Gramas| 85,00
Leite Condensado Diet Sobremesa Láctea Haribol 970 Gramas| 24,15
Leite Condensado Lata Itambé 24 Unidades de 395 Gramas| 105,57
Leite Condensado Mistura Láctea Confeiteiro Lata Triangulo 24 Unidades de 395 Gramas| 43,23
Leite Condensado Mistura Láctea Confeiteiro Tp Triangulo 27 Unidades de 395 Gramas| 62,44
Leite Condensado Piracanjuba 27 Unidades de 395 Gramas| 96,03
Leite Condensado Tp Elegê 24 Unidades de 395 Gramas| 86,98
Leite Condensado Tp Itambé 27 Unidades de 395 Gramas| 92,85
Leite Condensado Triangulo 27 Unidades de 395 Gramas| 90,42
Leite Condensado Zero Açúcar Lowçucar 1 Kg| 47,02
Leite Condensado Zero Lactose Piracanjuba 395 Gramas| 4,20
Leite de Coco Copra 200 Ml| 2,33
Leite de Coco Light Vidro Ducoco 200 Ml | 3,19
Leite de Coco Tp Ducoco 200 Ml| 3,19
Leite de Coco Vidro Ducoco 200 Ml| 3,28
Leite de Coco Vidro Incoco 500 Ml| 6,48
Leite de Coco Vidro Vivanda 200 Ml| 2,22
Leite de Coco Vidro Vivanda 500 Ml| 4,28
Leite Desnatado Uht Cemil 12 Unidades de 1 L| 46,48
Leite Desnatado Uht Ita 12 Unidades 1 L| 33,50
Leite Desnatado Uht Piracanjuba 12 Unidades de 1 L| 47,33
Leite Desnatado Uht Porto Alegre 12 Unidades de 1 L| 46,70
Leite Em Pó Desnatado Piracanjuba 600 Gramas| 14,77
Leite Em Pó Integral Camponesa 1 Kg| 21,59
Leite Em Pó Integral Instantâneo Nutril 800 Gramas| 14,35
Leite Em Pó Integral Itambé 1 Kg| 23,19
Leite Em Pó Integral Itambé 400 Gramas| 9,57
Leite Em Pó Integral Ninho 800 Gramas| 32,22
Leite Em Pó Integral Piracanjuba 1 Kg| 21,70
Leite Em Pó Integral Piracanjuba 400 Gramas| 8,71
Leite Em Pó Integral Universal 1 Kg| 17,01
Leite Integral Uht Cemil 12 Unidades de 1 L| 46,48
Leite Integral Uht Ita 12 Unidades de 1 L| 37,12
Leite Integral Uht Itambé 12 Unidades de 1 L| 48,19
Leite Integral Uht Jussara 12 Unidades de 1 L| 45,73
Leite Integral Uht Piracanjuba 12 Unidades de 1 L| 47,33
Leite Integral Uht Porto Alegre 12 Unidades de 1 L| 46,70
Leite Integral Uht Zero Lactose Nolac Itambé 1 L| 4,77
Leite Semi-Desnatado Uht Zero Lactose  Porto Alegre 1 L| 4,35
Leite Semi-Desnatado Uht Zero Lactose Itambé 1 L| 3,52
Lentilha Camil 500 Gramas| 6,16
Lentilha Já Cozida Vapza 280 Gramas| 4,37
Lentilha Pachá 500 Gramas| 9,03
Lichia Em Calda Jandira 567 Gramas| 10,52
Lichia Em Calda Sem Caroço Tio Paco 230 Gramas| 9,88
Limão Espremido Tahiti Cocinero 250 Ml| 1,70
Limonada Nutri Néctar 1 L| 3,08
Limpa Alumínio Brilhex 500 Ml| 1,50
Limpa Alumínio Brilhex 500 Ml| 1,50
Limpa Alumínio Limão Politriz 500 Ml| 1,70
Limpa Alumínio Limpol 500 Ml| 4,77
Limpa Alumínio Politraz 500 Ml| 1,70
Limpa Alumínio Verde Limão Alumil 500 Ml| 2,29
Limpa Cerâmica e Porcelanato Casaflor 750 Ml| 4,78
Limpa Cerâmicas, Ajulejos e Rejuntos Lavanda Azulim 1 L| 4,31
Limpa Forno Aroma Limão Diabo Verde 250 Gramas| 7,33
Limpa Forno Tradicional Diabo Verde 250 Gramas| 7,33
Limpa Forno Uau 200 Ml| 5,32
Limpa Inox Uau 200 Ml| 6,03
Limpa Pedras e Calçadas Brilhex 2 L| 6,54
Limpa Porcelanato Classic 1,5 L| 6,86
Limpa Vidros Pratice 3 Em 1 Bom Bril 500 Ml| 3,39
Limpa Vidros Uau 500 Ml| 3,83
Limpador de Chapas Scotch Brite 1 L| 44,68
Limpador Multi-Uso Campestre Start 550 Ml| 2,20
Limpador Multi-Uso Classico Ype 500Ml| 2,93
Limpador Multiuso Classic 500 Ml| 2,12
Limpador Multiuso Clássico Pratice Bom Bril 500 Ml| 2,51
Limpador Multiuso Cloro Ativo Super Globo 500 Ml| 2,65
Limpador Multiuso Com Cloro Ativo (Limpa Banheiro) Uau 500 Ml| 4,68
Limpador Multiuso Floral Classic 500Ml| 2,12
Limpador Multiuso Fresh Marina 600 Ml| 2,22
Limpador Multiuso Hortelã Classic 500 Ml| 2,12
Limpador Multiuso Lavanda Politriz 500 Ml| 1,79
Limpador Multiuso Lavanda Uau 500 Ml| 2,74
Limpador Multiuso Original Super Globo 500 Ml| 2,07
Limpador Multiuso Profissional Lavanda Uau 500 Ml| 2,74
Limpador Multiuso Scotch Brite 1 L| 8,82
Limpador Multiuso Tradicional Marina 600 Ml| 2,22
Limpador Perfumado Dreams Casaflor 1 L| 4,73
Limpador Perfumado Dreams Casaflor 1,75 L| 7,65
Limpador Perfumado Intuitive Casaflor 1 L| 4,73
Limpador Perfumado Intuitive Casaflor 1,75 L| 7,65
Limpador Uso Geral Clássico Limpeza Pesada Pratice Bom Bril 500 Ml| 3,82
Linguiça Tipo Paio Aurora 400 Gramas| 10,60
Lombo Suíno Fatiado Com Molho Barbecue Seara 1 Kg| 27,67
Lustra Móveis Bry Lavanda Ingleza 200 Ml| 3,48
Luva de Limpeza Amarela Grande Talge 1 Par| 2,12
Luva de Limpeza Amarela Pequena Talge 1 Par| 2,12
Luva de Limpeza Multiuso Pequena Prakasa Bom Bril 1 Par| 2,28
Luva de Limpeza Para Louças Rosa Pequena Prakasa Bom Bril 1 Par| 3,10
Luva de Limpeza Pesada Pequena Prakasa Bom Bril 1 Par| 3,34
Luva Multiuso Amarela Eg Par Volk| 2,22
Luva Multiuso Amarela G Par Volk| 2,22
Luva Multiuso Amarela M Par Volk| 2,22
Luva Ranhurada Amarela M Par Volk| 7,22
Maionese Com Azeitonas Pretas Hemmer 290 Gramas| 6,59
Maionese Com Pimenta Hemmer 290 Gramas| 6,95
Maionese Hellmann's Squeeze 335 Gramas| 5,26
Maionese Hellmann´S Light 500 Gramas| 8,21
Maionese Tradicional Com Ovo Caipira Heinz 215 Gramas| 7,22
Maionese Tradicional Com Ovo Caipira Heinz 390 Gramas| 8,13
Mandioca Aipim Já Cozida Vapza 500 Gramas| 6,70
Manteiga Com Sal Aviação 200 Gramas| 7,25
Manteiga Com Sal Aviação 500 Gramas| 16,24
Manteiga Com Sal Porto Alegre 500 Gramas| 13,99
Manteiga Com Sal Pote Granaminas 500 Gramas| 12,29
Manteiga Com Sal Pote Itambé 500 Gramas| 17,22
Manteiga Com Sal Scala 200 Gramas| 6,80
Manteiga Com Sal Tablete Aviação 200 Gramas| 6,85
Manteiga de Garrafa Sem Lactose e Sem Glúten Ghee Sertanorte 200 Gramas| 20,42
Manteiga de Garrafa Sem Lactose e Sem Glúten Sertanorte 450 Gramas| 23,71
Manteiga Extra Sem Sal Tablete Itambé 200 Gramas| 6,87
Manteiga Sem Sal Scala 200 Gramas| 6,80
Manteiga Sem Sal Tablete Aviação 200 Gramas| 6,85
Margaridas Decorativas Rich's Com 50 Unidades| 46,54
Margarina Cremosa Com 80% Lipídios Coamo 24 Kg| 117,26
Margarina Cremosa Com Sal Delícia 12 Unidades de 500 Gramas| 48,40
Margarina Cremosa Com Sal Delícia 24 Unidades de 250 Gramas| 50,80
Margarina Cremosa Com Sal Doriana 12 Unidades de 500 Gramas| 44,28
Margarina Cremosa Com Sal Doriana 24 Unidades de 250 Gramas| 49,39
Margarina Cremosa Com Sal Qualy 1 Kg| 9,68
Margarina Cremosa Com Sal Qualy 12 Unidades de 500 Gramas| 64,44
Margarina Cremosa Com Sal Qualy 24 Unidades de 250 Gramas| 70,12
Margarina Vegetal Com Sal Uso Geral Amélia 1,01 Kg| 7,66
Massa Com Ovos Ave Maria Vilma 20 Unidades de 500 Gramas| 49,75
Massa Com Ovos Cabelo de Anjo Barilla 20 Unidades de 500 Gramas| 66,07
Massa Com Ovos Caracol Vilma  20 Unidades de 500 Gramas| 48,33
Massa Com Ovos Espaguete N °9 Renata 30 Unidades de 500 Gramas| 74,93
Massa Com Ovos Espaguete N° 3 Vilma 20 Unidades de 500 Gramas| 49,75
Massa Com Ovos Espaguete N° 8 Renata 30 Unidades de 500 Gramas| 74,93
Massa Com Ovos Espaguete N° 9 Vilma 30 Unidades de 500 Gramas| 72,49
Massa Com Ovos Espaguete N°10 Vilma 30 Unidades de 500 Gramas| 72,49
Massa Com Ovos Espaguete N°9 Barilla 30 Unidades de 500 Gramas| 77,14
Massa Com Ovos Espaguete Nº 8 Vilma 30 Unidades de 500 Gramas| 73,73
Massa Com Ovos Espaguete Nº8 Barilla 30 Unidades de 500 Gramas| 77,14
Massa Com Ovos Fettuccine Barilla 20 Unidades de 500 Gramas| 66,07
Massa Com Ovos Gravata Pequena Vilma 20 Unidades de 500 Gramas| 48,33
Massa Com Ovos Lasanha Barilla 28 Unidades de 200 Gramas| 81,09
Massa Com Ovos Lasanha Vilma 20 Unidades de 500 Gramas| 94,37
Massa Com Ovos Linguine Vilma 30 Unidades de 500 Gramas| 72,49
Massa Com Ovos Ninho N° 1 Vilma 20 Unidades de 500 Gramas| 62,83
Massa Com Ovos Ninho N° 3 Vilma 20 Unidades de 500 Gramas| 63,54
Massa Com Ovos Ninho N°2 Renata 20 Unidades de 500 Gramas| 58,62
Massa Com Ovos Padre Nosso Renata 20 Unidades de 500 Gramas| 49,95
Massa Com Ovos Padre Nosso Santa Amália 20 Unidades de 500 Gramas| 28,89
Massa Com Ovos Pai Nosso Barilla 20 Unidades de 500 Gramas| 51,49
Massa Com Ovos Pai Nosso Vilma 20 Unidades de 500 Gramas| 48,33
Massa Com Ovos Parafuso Barilla 20 Unidades de 500 Gramas| 51,48
Massa Com Ovos Parafuso Renata 20 Unidades 500 Gramas| 49,95
Massa Com Ovos Parafuso Tricolor Vilma 20 Unidades de 500 Gramas| 67,69
Massa Com Ovos Parafuso Vilma 20 Unidades de 500 Gramas| 48,33
Massa Com Ovos Penne Barilla 20 Unidades de 500 Gramas| 51,49
Massa Com Ovos Penne Vilma 20 Unidades de 500 Gramas| 48,33
Massa Com Ovos Rigatoni Santa Amália 20 Unidades de 500 Gramas| 51,24
Massa Comum  Pai Nosso Oregon 10 Unidades de 1 Kg| 29,14
Massa Comum Ave Maria Oregon 10 Unidades de 1 Kg| 29,14
Massa Comum Espaguete Nº 0 Yara 15 Unidades de 1 Kg| 43,03
Massa Comum Espaguete Nº 3 Yara 15 Unidades de 1 Kg| 41,57
Massa Comum Espaguete Nº 8 Oregon 10 Unidades de 1 Kg| 28,66
Massa Comum Parafuso Oregon 10 Unidades de 1 Kg| 27,71
Massa Grano Duro Bavette N°13 Barilla 500 Gramas| 6,18
Massa Grano Duro Bucatini N° 9  Barilla 500 Gramas| 6,70
Massa Grano Duro Capellini N°1 Barilla 500 Gramas| 6,16
Massa Grano Duro Conchiglioni Attilio 500 Gramas| 12,56
Massa Grano Duro Conchiglioni Paganini 500 Gramas| 12,33
Massa Grano Duro Conchiglioni Vilma 12 Unidades de 200 Gramas| 55,04
Massa Grano Duro Conchiglioni Vilma 200 Gramas| 4,61
Massa Grano Duro Espaguete  Nº8 Vilma 30 Unidades de 500 Gramas| 159,54
Massa Grano Duro Espaguete  Nº8 Vilma 500 Gramas| 5,71
Massa Grano Duro Farfalle Barilla 500 Gramas| 7,22
Massa Grano Duro Farfalle Integral Barilla 500 Gramas| 7,93
Massa Grano Duro Farfalle Renata 500 Gramas| 4,74
Massa Grano Duro Fettuccine Barilla 500 Gramas| 13,25
Massa Grano Duro Fusilli Barilla 500 Gramas| 7,22
Massa Grano Duro Fusilli Integral Barilla 500 Gramas| 7,96
Massa Grano Duro Lasanha Barilla 250 Gramas| 8,89
Massa Grano Duro Lingue Di Passero N°14 Baronía 500 Gramas| 4,38
Massa Grano Duro Linguine Vilma 30 Unidades de 500 Gramas| 161,34
Massa Grano Duro Linguine Vilma 500 Gramas| 5,71
Massa Grano Duro Mezze Penne Tricolor Barilla 500 Gramas| 8,82
Massa Grano Duro Mini Farfalle Barilla 500 Gramas| 7,22
Massa Grano Duro Mini Penne Rigate  Barilla 500 Gramas| 6,91
Massa Grano Duro Ninho N°1 Vilma 20 Unidades de 500 Gramas| 122,18
Massa Grano Duro Ninho N°1 Vilma 500 Gramas| 7,42
Massa Grano Duro Pappardelle Vilma 20 Unidades de 500 Gramas| 122,18
Massa Grano Duro Pappardelle Vilma 500 Gramas| 7,42
Massa Grano Duro Parafusoni Vilma 12 Unidades de 200 Gramas| 47,27
Massa Grano Duro Penne Renata 500 Gramas| 4,16
Massa Grano Duro Penne Rigate Barilla 500 Gramas| 7,22
Massa Grano Duro Penne Rigate Baronía 500 Gramas| 4,63
Massa Grano Duro Penne Vilma 20 Unidades de 500 Gramas| 102,72
Massa Grano Duro Penne Vilma 500 Gramas| 5,71
Massa Grano Duro Pennette Rigate 5 Cereali Barilla 400 Gramas| 8,98
Massa Grano Duro Pennette Rigate Integral Barilla 500 Gramas| 7,87
Massa Grano Duro Rigatoni Barilla 500 Gramas| 7,22
Massa Grano Duro Risoni Barilla 500 Gramas| 7,22
Massa Grano Duro Spaghetti  N°8 Renata 500 Gramas| 4,16
Massa Grano Duro Spaghetti 5 Cereali Barilla 400 Gramas| 7,63
Massa Grano Duro Spaghetti Integral Barilla 500 Gramas| 6,97
Massa Grano Duro Spaghetti N°5 Baronía 500 Gramas| 4,14
Massa Grano Duro Spaghetti Nº 5 Barilla 500 Gramas| 6,33
Massa Grano Duro Spaghettini N°10 Renata 500 Gramas| 4,16
Massa Grano Duro Spaghettini Nº 3 Barilla 500 Gramas| 6,33
Massa Grano Duro Spaghettoni Nº 7  Barilla 500 Gramas| 6,33
Massa Grano Duro Tagliarini Renata 500 Gramas| 4,74
Massa Instantânea Lámen Carne Vilma 50 Unidades de 85 Gramas| 31,81
Massa Instantânea Lámen Galinha Caipira Vilma 50 Unidades de 85 Gramas| 31,81
Massa Instantânea Lámen Galinha Vilma 50 Unidades de 85 Gramas| 31,81
Massa Instantânea Lámen Picanha Vilma 50 Unidades de 85 Gramas| 31,81
Massa Instantânea Yakisoba Express Renata 300 Gramas| 2,90
Massa Integral Espaguete N° 8 Vilma 30 Unidades de 500 Gramas| 94,84
Massa Integral Penne Vilma 20 Unidades de 500 Gramas| 60,17
Massa Para Lasanha Vila Itália 1 Kg| 7,97
Massa Para Lasanha Vila Itália 500 Gramas| 3,19
Massa Para Mini Pizza Semi Pronta Vila Itália 400 Gramas| 5,06
Massa Para Pastel Em Rolo Antonella 1 Kg| 6,46
Massa Para Pastel Em Rolo Antonella 400 Gramas| 2,94
Massa Para Pastel Em Rolo Vila Itália 1 Kg| 6,09
Massa Para Pastel Em Rolo Vila Itália 500 Gramas| 3,59
Massa Para Pastel Grande Antonella 6 Unidades de 500 Gramas| 20,42
Massa Para Pastel Grande Vila Itália 6 Unidades de 500 Gramas| 21,59
Massa Para Pastel Média Antonella 6 Unidades de 500 Gramas| 20,42
Massa Para Pastel Média Vila Itália 6 Unidades de 500 Gramas| 21,59
Massa Para Pastel Pequena Antonella 6 Unidades de 500 Gramas| 20,42
Massa Para Pastel Pequena Vila Itália 6 Unidades de 500 Gramas| 21,59
Massa Para Pizza Semi Pronta 2 Unidades Vila Itália 280 Gramas| 5,60
Massa Para Tapioca Amafil 500 Gramas| 3,19
Massa Para Tapioca Pachá 500 Gramas| 4,14
Massa Para Yakisoba Mezzani 500 Gramas| 9,25
Massa Sem Glúten Penne Barilla 400 Gramas| 10,66
Massa Sem Glúten Spaghetti N°5 Barilla 400 Gramas| 10,39
Massa Sêmola Ave Maria Vilma 20 Unidades de 500 Gramas| 44,42
Massa Sêmola Ave Maria Yara 20 Unidades de 500 Gramas| 33,88
Massa Sêmola Ave Maria Yara 5 Kg| 16,70
Massa Sêmola Espaguete  N°9 Galo 30 Unidades de 500 Gramas| 70,73
Massa Sêmola Espaguete N° 8 Vilma 30 Unidades de 500 Gramas| 66,77
Massa Sêmola Espaguete N° 8 Yara 30 Unidades de 500 Gramas| 53,87
Massa Sêmola Espaguete N°8 Galo 30 Unidades de 500 Gramas| 70,73
Massa Sêmola Espaguete Número 8 Santa Amália 15 Unidades de 1 Kg| 54,04
Massa Sêmola Ninho Nº 3 Vilma 20 Unidades de 500 Gramas| 55,35
Massa Sêmola Pai Nosso Vilma 20 Unidades de 500 Gramas| 44,42
Massa Sêmola Pai Nosso Vilma 20 Unidades de 500 Gramas| 44,42
Massa Sêmola Pai Nosso Yara 20 Unidades de 500 Gramas| 35,73
Massa Sêmola Pai Nosso Yara 5 Kg| 17,58
Massa Sêmola Parafuso Vilma 20 Unidades de 500 Gramas| 44,42
Massa Sêmola Parafuso Yara 20 Unidades de 500 Gramas| 35,73
Massa Sêmola Parafuso Yara 5 Kg| 17,58
Massa Sêmolao Espaguete Nº 8 Yara 15 Unidades de 1 Kg| 50,68
Massa Soba Mezzani 500 Gramas| 10,38
Massa Somen Mezzani 500 Gramas| 9,25
Massa Udon 3 Mezzani 500 Gramas| 9,25
Massa Udon 4 Mezzani 500 Gramas| 9,25
Mel Frasco Santa Bárbara 500 Gramas| 15,91
Mel Sachet Chick Santa Bárbara 1 Kg| 40,73
Mexedor Para Café Grande Strawplast Com 240 Unidades| 6,16
Milho Para Pipoca Importado Pachá 10 Unidades de 500 Gramas| 19,45
Milho Para Pipoca Nacional Pachá 10 Unidades de 500 Gramas | 16,17
Milho Verde Cozido No Vapor Fugini 24 Unidades de 200 Gramas| 30,87
Milho Verde Goiás Verde 24 Unidades de 200 Gramas| 36,16
Milho Verde Natural A Vapor Bonduelle 24 Unidades de 200 Gramas| 62,08
Milho Verde Pouch Fugini 32 Unidades de 200 Gramas| 41,89
Milho Verde Stella D'oro 24 Unidades de 200 Gramas| 27,42
Milho Verde Tradicional Bonduelle 24 Unidades de 170 Gramas| 50,96
Mini Arroz Gourmet Camil 500 Gramas| 16,62
Mini Churros de Chocolate Premiere 1 Kg| 11,49
Mini Churros de Doce de Leite Premiere 1 Kg| 11,49
Mini Churros de Goiabada Premiere 1 Kg| 11,49
Mini Churros de Goiabada Premiere 300 Gramas| 9,16
Mistura Para Biscoito Doce Frito Vovó Gilda 1 Kg| 6,70
Mistura Para Biscoito Salgado Frito Vovó Gilda 1 Kg| 6,70
Mistura Para Bolo Abacaxi Fleischmann 450 Gramas| 3,82
Mistura Para Bolo Abacaxi Vilma 12 Unidades de 400 Gramas| 30,70
Mistura Para Bolo Aipim Fleischmann 450 Gramas| 3,82
Mistura Para Bolo Aipim Vilma 12 Unidades de 400 Gramas| 30,70
Mistura Para Bolo Baunilha Fleischmann 450 Gramas| 3,82
Mistura Para Bolo Baunilha Sem Glúten e Zero Lactose Supra Soy 300 Gramas| 4,99
Mistura Para Bolo Baunilha Vilma 12 Unidades de 400 Gramas| 30,70
Mistura Para Bolo Broa de Fubá Vilma 12 Unidades de 400 Gramas| 30,70
Mistura Para Bolo Brownie e Petit Gateau Fleischmann 450 Gramas| 4,68
Mistura Para Bolo Brownie Fleischmann 450 Gramas| 4,68
Mistura Para Bolo Cappuccino Fleischmann 450 Gramas| 4,68
Mistura Para Bolo Cenoura Fleischmann 450 Gramas| 4,68
Mistura Para Bolo Cenoura Vilma 12 Unidades de 400 Gramas| 30,70
Mistura Para Bolo Chocolate Branco Vilma 12 Unidades de 400 Gramas| 30,70
Mistura Para Bolo Chocolate Com Menta Fleischmann 450 Gramas| 4,68
Mistura Para Bolo Chocolate Fleischmann 450 Gramas| 4,68
Mistura Para Bolo Chocolate Sem Glúten e Zero Lactose Supra Soy 300 Gramas| 4,99
Mistura Para Bolo Chocolate Suave Vilma 12 Unidades de 400 Gramas| 30,70
Mistura Para Bolo Chocolate Vilma 12 Unidades de 400 Gramas| 35,63
Mistura Para Bolo Chocomousse Fleischmann 450 Gramas| 4,68
Mistura Para Bolo Coco Fleischmann 450 Gramas| 3,82
Mistura Para Bolo Coco Vilma 12 Unidades de 400 Gramas| 30,70
Mistura Para Bolo Festa Vilma 12 Unidades de 400 Gramas| 30,70
Mistura Para Bolo Floresta Negra Vilma 12 Unidades de 400 Gramas| 34,56
Mistura Para Bolo Fubá Fleischmann 450 Gramas| 3,82
Mistura Para Bolo Laranja Fleischmann 450 Gramas| 3,82
Mistura Para Bolo Laranja Sem Glúten e Zero Lactose Supra Soy 300 Gramas| 4,99
Mistura Para Bolo Laranja Vilma 12 Unidades de 400 Gramas| 30,70
Mistura Para Bolo Leite Condensado Vilma 12 Unidades de 400 Gramas| 30,70
Mistura Para Bolo Limão Cremoso Fleischmann 450 Gramas| 3,82
Mistura Para Bolo Limão Sem Glúten e Zero Lactose Supra Soy 300 Gramas| 4,99
Mistura Para Bolo Limão Vilma 12 Unidades de 400 Gramas| 30,70
Mistura Para Bolo Milho Cremoso Vilma 12 Unidades de 400 Gramas| 39,17
Mistura Para Bolo Milho Fleischmann 450 Gramas| 3,82
Mistura Para Bolo Milho Sem Glúten e Zero Lactose Supra Soy 300 Gramas| 4,99
Mistura Para Bolo Milho Verde Vilma 12 Unidades de 400 Gramas| 30,70
Mistura Para Brownie Sem Glúten e Zero Lactose Supra Soy 300 Gramas| 6,06
Mistura Para Pão Australiano Fleischmann 450 Gramas| 4,99
Mistura Para Pão de Ló Fleischmann 350 Gramas| 4,68
Mistura Para Pão de Queijo Fleischmann 250 Gramas| 4,68
Mistura Para Pão de Queijo Vilma 12 Pacotes de 250 Gramas| 20,25
Mistura Para Pão Integral Fleischmann 450 Gramas| 4,99
Mistura Para Petit Gateau Sem Glúten e Zero Lactose Supra Soy 300 Gramas| 6,06
Mistura Para Petit Gateau Vilma 320 Gramas| 4,63
Mistura Para Pipoca Doce Sabor Caramelo Big Poc 223 Gramas| 5,09
Mistura Para Pipoca Sabor Manteiga Big Poc 223 Gramas| 3,69
Mistura Para Pudim de Baunilha Zero Açúcar Linea 25 Gramas| 1,90
Mistura Para Pudim de Caramelo Zero Açúcar Linea 25 Gramas| 1,90
Mistura Para Pudim de Chocolate Zero Açúcar Linea 30 Gramas| 1,90
Mistura Para Pudim de Coco Zero Açúcar Linea 25 Gramas| 1,90
Mistura Para Pudim de Morango Zero Açúcar Linea 25 Gramas| 1,90
Molho Agridoce Com Pimenta Sweet Blue Dragon 220 Gramas| 5,71
Molho Árabe Magliane 250 Ml| 4,03
Molho Barbecue Teriyaki Blue Dragon 233 Gramas| 7,54
Molho de Alho  Imperador 900Ml| 7,33
Molho de Alho Com Pimenta Pet Pirata 6 Unidades de 150 Ml| 12,44
Molho de Alho Fimape 900 Ml| 4,73
Molho de Alho Pet Pirata 6 Unidades de 150 Ml| 12,44
Molho de Alho Pirata 900 Ml| 8,30
Molho de Alho Sacy 6 Unidades de 150 Ml| 10,52
Molho de Alho Temperatta 6 Unidades de 150 Ml| 11,87
Molho de Pimenta Com Azeite Gallo 50 Ml| 11,65
Molho de Pimenta Extra Forte Pet Pirata 6 Unidades de 150 Ml| 12,41
Molho de Pimenta Extra Forte Sacy 6 Unidades de 150 Ml| 14,46
Molho de Pimenta Jalapeno Tabasco 60 Ml| 12,93
Molho de Pimenta Oriental Chilli Sauce Blue Dragon 195 Gramas| 5,64
Molho de Pimenta Pet Pirata 500 Ml| 5,80
Molho de Pimenta Pet Pirata 6 Unidades de 150 Ml| 12,44
Molho de Pimenta Picante Pet Pirata 6 Unidades de 150 Ml| 15,95
Molho de Pimenta Sacy 6 Unidades de 150 Ml| 10,51
Molho de Pimenta Strongo Pirata 60 Ml| 4,57
Molho de Pimenta Temperatta 6 Unidades de 150 Ml| 11,87
Molho de Pimenta Vermelha Tabasco 60 Ml| 12,93
Molho de Tomate Bolonhesa Pouch Bonare Goiás Verde 340 Gramas| 2,13
Molho de Tomate Hot Dog Colonial 1,02 Kg| 2,35
Molho de Tomate Passata Vidro Baronía 680 Ml| 6,27
Molho de Tomate Pouch Salsaretti Bunge 3,1 Kg| 13,70
Molho de Tomate Tradicional Pouch Bonare Goiás Verde 340 Gramas| 1,41
Molho de Tomate Tradicional Pouch Salsaretti Bunge 340 Gramas| 1,90
Molho de Tomate Tradional Pouch Fugini 2 Kg| 7,01
Molho Doce de Pimenta Com Abacaxi Livio's 250 Ml| 12,85
Molho Doce de Pimenta Com Chocolate Livio's 250 Ml| 14,13
Molho Doce de Pimenta Extra Picante Livio's 250 Ml| 12,85
Molho Doce de Pimenta Original Livio's 250 Ml| 12,85
Molho Indiano Magliane 250 Ml| 4,03
Molho Inglês Pet Pirata 500 Ml| 5,80
Molho Ingles Pet Pirata 6 Unidades de 150 Ml| 12,44
Molho Inglês Pirata 900 Ml| 8,30
Molho Inglês Sacy 6 Unidades de 150 Ml| 10,52
Molho Para Carne Barbecue Bonare Goiás Verde 390 Gramas| 4,35
Molho Para Carne Barbecue Cepêra 400 Ml | 4,57
Molho Para Carne Barbecue Heinz 538 Gramas| 17,01
Molho para Carne Barbecue Hellmanns 2,1 Kg| 28,44
Molho Para Carne Barbecue Hunt's 510 Gramas| 18,39
Molho Para Carne Barbecue Up-Side-Down Junior 380 Gramas| 7,01
Molho Para Carne Barbecue Zero Açúcar e Baixo Teor de Sódio Linea 350 Gramas| 12,65
Molho Para Carne Pet Pirata 6 Unidades de 150 Ml| 12,44
Molho Para Carne Temperatta 500 Ml| 3,66
Molho Para Carne Temperatta 6 Unidades de 150 Ml| 11,87
Molho Para Hot Dog Pouch Goiás Verde Bonare 2 Kg| 7,82
Molho Para Salada Caesar Heinz 400 Ml| 25,25
Molho Para Salada Caseiro Light Liza 234 Ml| 4,31
Molho Para Salada Caseiro Liza 234 Ml| 4,31
Molho Para Salada Ervas Finas Liza 234 Ml| 4,31
Molho Para Salada Iogurte Liza 234 Ml| 4,31
Molho Para Salada Limão Liza 234 Ml| 4,31
Molho Para Salada Mel e Mostarda Liza 234 Ml| 4,31
Molho Para Salada Rosé Liza 234 Ml| 4,31
Molho Para Salada Tropical Pirata 500 Ml| 5,80
Molho Shoyu Pet Pirata 6 Unidades de 150 Ml| 12,41
Molho Shoyu Pirata 6 Frascos de 150 Ml| 14,29
Molho Shoyu Pirata 900 Ml| 8,30
Molho Shoyu Temperatta 6 Unidades de 150 Ml| 10,52
Molho Teriyaki Magliane 250 Ml| 4,52
Molho Tomate Passata Vidro Mastroiani 680 Gramas| 7,01
Morango Inteiro Congelado Original Food 1 Kg| 11,04
Mortadela Defumada Marba Kg| 10,43
Mostarda Amarela Hemmer 200 Gramas| 4,41
Mostarda Cepêra 200 Gramas| 2,98
Mostarda Com Mel Food Truck Cepêra 400 Gramas| 6,07
Mostarda de Dijon Extra Forte Grain D'or 370 Gramas| 15,29
Mostarda de Dijon Grain D'or 360 Gramas| 14,79
Mostarda de Dijon Hemmer 200 Gramas| 6,61
Mostarda Escura Holandesa Cepêra 200 Gramas| 3,66
Mostarda Hellmann's Squeeze 170 Gramas| 3,98
Mostarda Tradicional Heinz 255 Gramas| 8,50
Mostarda Zero Açúcar e Baixo Teor de Sódio Linea 350 Gramas| 11,06
Nachos Tortilla Garytos Sequóia 120 Gramas| 3,67
Nescafé Vending Original Nestlé 500 Gramas| 79,68
Óleo Composto Lata Olivia 500 Ml| 7,36
Óleo Composto Pet Maria 2 L| 24,57
Óleo Composto Pet Maria 500 Ml| 7,55
Óleo Composto Pet Sinhá 500 Ml| 6,59
Óleo Composto Sabor Alho Pet Sinhá 500 Ml| 6,16
Óleo Composto Sabor Ervas Finas Pet Sinhá 500 Ml| 6,16
Óleo Composto Sabor Orégano Pet Sinhá 500 Ml| 6,16
Óleo de Algodão Pet Flor de Algodão 20 Unidades de 900 Ml| 84,15
Óleo de Canola Pet Liza 900 Ml| 6,79
Óleo de Canola Pet Sinhá 20 Unidades de 900 Ml| 124,51
Óleo de Canola Pet Sinhá 900 Ml| 6,22
Óleo de Canola Pet Vitaliv 900 Ml| 6,16
Óleo de Coco Ducoco 200 Ml| 17,34
Óleo de Coco Extra Virgem Beijaflor 500 Ml| 25,58
Óleo de Coco Extra Virgem Dikoko 500 Ml| 31,74
Óleo de Gergelim Torrado Hot Wok 1 L| 40,05
Óleo de Girassol Pet Liza 900 Ml| 5,31
Óleo de Girassol Pet Mazola 900 Ml| 7,36
Óleo de Girassol Pet Sinhá 20 Unidades de 900 Ml| 96,56
Óleo de Girassol Pet Sinhá 900 Ml| 5,21
Óleo de Girassol Pet Soya 900 Ml| 5,73
Óleo de Girassol Pet Vitaliv 900 Ml| 4,99
Óleo de Milho Pet Liza 900 Ml| 5,45
Óleo de Milho Pet Mazola 900 Ml| 7,47
Óleo de Milho Pet Sinhá 20 Unidades de 900 Ml| 104,60
Óleo de Milho Pet Sinhá 900 Ml| 5,68
Óleo de Milho Pet Soya 900 Ml| 4,31
Óleo de Milho Pet Vitaliv 900 Ml| 5,59
Óleo de Soja Pet Corcovado 20 Unidades de 900 Ml| 67,89
Óleo de Soja Pet Liza 20 Unidades de 900 Ml| 71,38
Óleo de Soja Pet Sinhá 20 Unidades de 900 Ml| 63,17
Óleo de Soja Pet Soya 20 Unidades de 900 Ml| 68,68
Óleo de Soja Vila Velha 20 Unidades de 900 Ml| 67,55
Óleo Misto de Soja Com Azeite de Oliva Pet Faisão 500 Ml| 5,48
Óleo Misto de Soja e Azeite de Oliva Lata Quinta da Boa Vista 500 Ml| 5,95
Óleo Misto de Soja e Azeite de Oliva Vidro Quinta da Boa Vista 500 Ml| 6,05
Orégano Antonella 270 Gramas| 12,74
Pá Para Lixo Coletora Noviça Bettanin Unidade| 26,80
Pá Para Lixo Com Cabo Noviça Bettanin Unidade| 17,34
Pá Para Lixo Em Aço Bettanin Unidade| 17,34
Pacoquinha Embalada Tablete Yoki 1,1 Kg| 16,87
Paçoquinha Rolha Amendorei Com 100 Unidades| 17,99
Paçoquita Cremosa Santa Helena 180 Gramas| 7,59
Paçoquita Diet Display Santa Helena 24 Unidades de 22 Gramas| 18,61
Palha de Aço Número 0 Assolan 25 Gramas| 0,73
Palha de Aço Número 1 Assolan 25 Gramas| 0,75
Palha de Aço Número 1 Brillo Bom Bril 25 Gramas| 0,93
Palha de Aço Número 1 Brillo Bom Bril 25 Gramas| 0,93
Palha de Aço Número 2 Assolan 25 Gramas| 0,75
Palha de Aço Número 2 Brillo Bom Bril 25 Gramas| 0,93
Palito de Bambú 9 Cm Golf Com 50 Unidades| 2,12
Palito de Queijo Congelado Pronto Para Assar Gosto de Minas 2 Kg| 23,30
Palito Dentário Theoto 20 Caixinhas Com 200 Unidades| 13,19
Palito Para Petisco Paraná Com 100 Unidades| 1,07
Palmito Aperitivo Pupunha Gout 300 Gramas| 11,11
Palmito Banda de Açaí Vidro Imperador 500 Gramas| 12,32
Palmito Fatiado Palmeira Real D+ 300 Gramas| 7,22
Palmito Fatiado Pupunha Pérola do Vale 300 Gramas| 6,97
Palmito Inteiro de Açaí Icoaraci 450 Gramas| 25,41
Palmito Inteiro de Açaí Imperador 300 Gramas| 14,09
Palmito Inteiro de Açaí Vidro Imperador 500 Gramas| 18,86
Palmito Inteiro Palmeira Real D+ 300 Gramas| 13,38
Palmito Inteiro Pupunha Airy 300 Gramas| 11,06
Palmito Inteiro Pupunha Pérola do Vale 300 Gramas| 8,10
Palmito Picado Juçara Jurerê 1,2 Kg| 24,33
Palmito Picado Pupunha D+ 1,8 Kg| 28,35
Palmito Picado Pupunha Gout 300 Gramas| 8,64
Palmito Picado Pupunha Pérola do Vale 300 Gramas| 8,34
Palmito Spaghetti Pupunha Airy 300 Gramas| 11,06
Panetone Com Frutas Tommy 400 Gramas| 8,24
Panetone Com Frutas Visconti 500 Gramas| 12,65
Panetone Com Gotas de Chocolate Tommy 400 Gramas| 8,24
Panetone Com Gotas de Chocolate Visconti 500 Gramas| 12,65
Pano de Chão Alvejado Extra Gg 50X70 Cm União Com 10 Unidades| 35,00
Pano de Chão Alvejado Sg 50X75 Cm União Com 10 Unidades| 37,66
Pano de Chão Super Roxo Scotch Brite Unidade| 15,16
Pano Multiuso Azul Life Clean Com 5 Unidades| 1,65
Pano Multiuso Azul Perfex Com 5 Unidades| 4,63
Pano Multiuso Íons de Prata Furatto Limppano Com 5 Unidades| 3,35
Pano Multiuso Lavável Em Rolo Reutilizável 20,8X21,5 Cm Evolution Esfrebom Bettanin Unidade| 11,62
Pano Multiuso Natural Furatto Limppano Com 5 Unidades| 3,35
Pão de Ló Pronto Sabor Chocolate Rich's 300 Gramas| 6,52
Pão de Queijo Congelado Palito Forno Minas 1 Kg| 19,10
Pão de Queijo Recheado Com Carne de Sol e Requeijão Tia Tânia 2 Kg| 34,83
Pão de Queijo Tradicional Congelado Forno Mineiro 1 Kg| 13,77
Papel Alumínio 30Cm X 100M Wyda| 34,95
Papel Alumínio 30Cm X 7,5M Alumileste| 2,54
Papel Alumínio 30Cm X 7,5M Boreda| 2,66
Papel Alumínio 30Cm X 7,5M Wyda| 2,81
Papel Alumínio 45Cm X 65M Alumileste | 31,70
Papel Alumínio 45Cm X 65M Boreda| 27,55
Papel Alumínio 45Cm X 65M Wyda| 34,95
Papel Alumínio 45Cm X 7,5M Alumileste| 3,93
Papel Alumínio 45Cm X 7,5M Boreda| 4,03
Papel Alumínio 45Cm X 7,5M Wyda| 4,24
Papel Higiênico Folha Dupla Neutro 30 Metros Fofinho Pacote Com 4 Unidades| 4,46
Papel Higiênico Folha Dupla Neutro 30 Metros Fofinho Pacote Com 8 Unidades| 9,15
Papel Higiênico Folha Dupla Ultra Macio 30 Metros Fofinho Pacote Com 16 Unidades| 18,50
Papel Higiênico Folha Dupla Ultra Macio 30 Metros Fofinho Pacote Com 8 Unidades| 9,57
Papel Higiênico Folha Simples Neutro 30 Metros Fofinho Pacote Com 4 Unidades| 2,93
Papel Higiênico Folha Simples Neutro 30 Metros Fofinho Pacote Com 8 Unidades| 5,64
Papel Higiênico Folha Simples Neutro 60 Metros Fofinho Pacote Com 4 Unidades| 4,82
Papel Manteiga 30 Cm X 7,5 M Boreda Unidade| 3,39
Papel Manteiga 50X70 Cm Glassine Clear Com 400 Folhas| 86,07
Pasta Para Polir e Remover Manchas Em Superfícies de Aço Inox Tramontina 1 Kg| 32,66
Patê de Pimenta Biquinho Sabor Defumado Castelo 350 Gramas| 10,86
Pedra Sanitária Shrink Santa Clara 12 Unidades de 25 Gramas| 14,43
Peito de Frango Cozido e Desfiado Congelado Tropeira 400 Gramas| 7,60
Peito de Frango Já Cozido e Desfiado Vapza 400 Gramas| 13,89
Pepino Cornichon La Violetera 770 Gramas| 20,69
Pepino Em Condimento Suave Hemmer 300 Gramas| 9,09
Pêssegos Em Calda Bella Colina 450 Gramas| 5,82
Pêssegos Em Calda Metade Especial Lata Crochemore 460 Gramas| 6,48
Pêssegos Em Calda Metade Neumann 450 Gramas| 5,89
Pêssegos Em Calda Metade Olé 450 Gramas| 5,84
Pêssegos Em Calda Oderich 450 Gramas| 5,10
Pimenta Biquinho D'horta 180 Gramas| 7,13
Pimenta Bode Vermelha D'horta 180 Gramas| 7,65
Pimenta Dedo de Moça D'horta 140 Gramas| 7,29
Pimenta do Reino Com Moedor Smart 50 Gramas| 14,35
Pimenta do Reino Grãos Em Conserva D'horta 180 Gramas| 8,50
Pimenta Malagueta Vermelha Pirata 6 Frasco de 30 Gramas| 19,88
Pimenta Malagueta Vermelha Sacy 400 Gramas| 17,08
Pimentas Coloridas Com Moedor Smart 50 Gramas| 18,19
Pipoca Doce Aritana Pacote Com 10 Unidades de 100 Gramas| 13,19
Pipoca Doce Aritana Pacote Com 10 Unidades de 200 Gramas| 23,16
Pipoca Doce Aritana Pacote Com 40 Unidades de 40 Gramas| 19,71
Pipoca Para Microondas Bacon Pachá 24 Unidades de 100 Gramas| 24,19
Pipoca Para Microondas Manteiga Pachá 24 Unidades de 100 Gramas| 24,19
Pipoca Para Microondas Natural Pachá 24 Unidades de 100 Gramas| 24,19
Pipoca Para Microondas Queijo Pachá 24 Unidades de 100 Gramas| 24,19
Pirulito Sabor Frutas Tropicais Com Chicle Pop Mania Riclan 50 Unidades| 5,28
Pó Para Preparo de Sobremesa Sabor Frutas Vermelhas Mavalério 100 Gramas| 5,75
Pó Para Preparo de Sobremesa Sabor Limão Mavalério 100 Gramas| 5,75
Pó Para Preparo de Sobremesa Sabor Maracujá Mavalério 100 Gramas| 5,75
Pó Para Preparo de Sobremesa Sabor Morango Mavalério 100 Gramas| 5,75
Pó Para Refresco Abacaxi Baixa Caloria Vilma 12 Unidades de 110 Gramas| 5,31
Pó Para Refresco Abacaxi Diet Vilma 12 Unidades de 11 Gramas| 5,78
Pó Para Refresco Abacaxi Pachá 1 Kg| 4,77
Pó Para Refresco Abacaxi Pachá 12 Unidades de 240 Gramas| 15,10
Pó Para Refresco Abacaxi Vilma 1 Kg| 6,11
Pó Para Refresco Abacaxi Vilma 12 Unidades de 240 Gramas| 18,08
Pó Para Refresco Caju Baixa Caloria Vilma 12 Unidades de 110 Gramas| 8,20
Pó Para Refresco Caju Pachá 1 Kg| 4,77
Pó Para Refresco Caju Pachá 12 Unidades de 240 Gramas| 15,10
Pó Para Refresco Caju Vilma 12 Unidades de 240 Gramas| 18,08
Pó Para Refresco Frutas Vermelhas Vilma 12 Unidades de 240 Gramas| 18,08
Pó Para Refresco Goiaba Baixa Caloria Vilma 12 Unidades de 110 Gramas| 9,13
Pó Para Refresco Goiaba Pachá 1 Kg| 4,77
Pó Para Refresco Goiaba Pachá 12 Unidades de 240 Gramas| 15,10
Pó Para Refresco Goiaba Vilma 12 Unidades de 240 Gramas| 18,08
Pó Para Refresco Laranja Baixa Caloria Vilma 12 Unidades de 110 Gramas| 14,96
Pó Para Refresco Laranja Com Acerola Vilma 12 Unidades de 240 Gramas| 18,08
Pó Para Refresco Laranja Diet Vilma 12 Unidades de 11 Gramas| 5,78
Pó Para Refresco Laranja e Mamão Pachá 1 Kg| 4,77
Pó Para Refresco Laranja e Mamão Pachá 12 Unidades de 240 Gramas| 15,10
Pó Para Refresco Laranja Pachá 1 Kg| 4,77
Pó Para Refresco Laranja Pachá 12 Unidades de 240 Gramas| 15,10
Pó Para Refresco Laranja Vilma 12 Unidades de 240 Gramas| 18,08
Pó Para Refresco Limão Baixa Caloria Vilma 12 Unidades de 110 Gramas| 8,83
Pó Para Refresco Limão Diet Vilma 12 Unidades de 11 Gramas| 5,78
Pó para Refresco Limão Fruit Vilma 15 Unidades de 35 Gramas| 8,66
Pó Para Refresco Limão Pachá 1 Kg| 4,77
Pó Para Refresco Limão Pachá 12 Unidades de 240 Gramas| 15,10
Pó Para Refresco Limão Vilma 12 Unidades de 240 Gramas| 18,08
Pó Para Refresco Mamão e Laranja Vilma 12 Unidades de 240 Gramas| 18,08
Pó Para Refresco Manga Baixa Caloria Vilma 12 Unidades de 110 Gramas| 8,21
Pó Para Refresco Manga Com Maracujá Vilma 12 Unidades de 240 Gramas| 18,08
Pó Para Refresco Manga Pachá 1 Kg| 4,77
Pó Para Refresco Manga Pachá 12 Unidades de 240 Gramas| 15,10
Pó Para Refresco Manga Vilma 12 Unidades de 240 Gramas| 18,08
Pó Para Refresco Maracujá Baixa Caloria Vilma 12 Unidades de 110 Gramas| 8,19
Pó Para Refresco Maracujá Diet Vilma 12 Unidades de 11 Gramas| 5,78
Pó Para Refresco Maracujá Pachá 1 Kg| 4,77
Pó Para Refresco Maracujá Pachá 12 Unidades de 240 Gramas| 15,10
Pó Para Refresco Maracujá Vilma 12 Unidades de 240 Gramas| 18,08
Pó Para Refresco Morango Baixa Caloria Vilma 12 Unidades de 110 Gramas| 9,27
Pó Para Refresco Morango Pachá 1 Kg| 4,77
Pó Para Refresco Morango Pachá 12 Unidades de 240 Gramas| 15,10
Pó Para Refresco Morango Silvestre Vilma 12 Unidades de 240 Gramas| 18,08
Pó Para Refresco Pêssego Diet Vilma 12 Unidades de 11 Gramas| 5,78
Pó Para Refresco Pêssego Pachá 1 Kg| 4,77
Pó Para Refresco Pêssego Pachá 12 Unidades de 240 Gramas| 15,10
Pó Para Refresco Pêssego Vilma 12 Unidades de 240 Gramas| 18,08
Pó Para Refresco Salada Frutas Vilma 12 Unidades de 240 Gramas| 18,08
Pó Para Refresco Tangerina Diet Vilma 12 Unidades de 11 Gramas| 5,78
Pó Para Refresco Tangerina Pachá 1 Kg| 4,77
Pó Para Refresco Tangerina Pachá 12 Unidades de 240 Gramas| 15,10
Pó Para Refresco Tangerina Vilma 12 Unidades de 240 Gramas| 18,08
Pó Para Refresco Uva Baixa Caloria Vilma 12 Unidades de 110 Gramas| 9,30
Pó Para Refresco Uva Diet Vilma 12 Unidades de 11 Gramas| 5,78
Pó Para Refresco Uva Pachá 1 Kg| 4,77
Pó Para Refresco Uva Pachá 12 Unidades de 240 Gramas| 15,10
Pó Para Refresco Uva Vilma 12 Unidades de 240 Gramas| 18,08
Polpa de Fruta Congelada Abacaxi Bela Ischia 100 Gramas| 0,62
Polpa de Fruta Congelada Abacaxi Brasfrut 100 Gramas| 1,22
Polpa de Fruta Congelada Abacaxi Com Hortelã Brasfrut 100 Gramas| 1,27
Polpa de Fruta Congelada Açaí Bela Ischia 100 Gramas| 1,58
Polpa de Fruta Congelada Açaí Brasfrut 100 Gramas| 2,93
Polpa de Fruta Congelada Acerola Bela Ischia 100 Gramas| 0,69
Polpa de Fruta Congelada Acerola Brasfrut 100 Gramas| 1,27
Polpa de Fruta Congelada Caju Bela Ischia 100 Gramas| 0,73
Polpa de Fruta Congelada Caju Brasfrut 100 Gramas| 1,27
Polpa de Fruta Congelada Coco Brasfrut 100 Gramas| 2,18
Polpa de Fruta Congelada Cupuaçu Bela Ischia 100 Gramas| 0,92
Polpa de Fruta Congelada Cupuaçu Brasfrut 100 Gramas| 2,18
Polpa de Fruta Congelada Goiaba Bela Ischia 100 Gramas| 0,62
Polpa de Fruta Congelada Goiaba Brasfrut 100 Gramas| 1,12
Polpa de Fruta Congelada Graviola Bela Ischia 100 Gramas| 1,00
Polpa de Fruta Congelada Graviola Brasfrut 100 Gramas| 2,18
Polpa de Fruta Congelada Manga Bela Ischia 100 Gramas| 0,62
Polpa de Fruta Congelada Manga Brasfrut 100 Gramas| 1,11
Polpa de Fruta Congelada Maracujá Bela Ischia 100 Gramas| 1,21
Polpa de Fruta Congelada Maracujá Brasfrut 100 Gramas| 2,93
Polpa de Fruta Congelada Morango Bela Ischia 100 Gramas| 1,59
Polpa de Fruta Congelada Morango Brasfrut 100 Gramas| 2,18
Polpa de Fruta Congelada Tangerina Brasfrut 100 Gramas| 1,27
Polpa de Fruta Congelada Uva Bela Ischia 100 Gramas| 0,73
Polpa de Fruta Uva Brasfrut 100 Gramas| 2,18
Polvilho Azedo Amafil 20 Unidades de 1 Kg| 117,13
Polvilho Azedo Marinêz 20 Unidades de 1 Kg| 118,73
Polvilho Azedo Pachá 10 Unidades de 1 Kg| 63,89
Polvilho Doce Amafil 20 Unidades de 1 Kg| 115,00
Polvilho Doce Marinêz 20 Unidades de 1 Kg| 116,71
Polvilho Doce Pachá 10 Unidades de 1 Kg| 65,15
Polvilho Especial Para Pães de Queijo Amidmais 10 Unidades de 1 Kg| 57,19
Pote Com Lacre Prafesta 1 L Com 10 Unidades| 13,61
Pote Com Lacre Prafesta 250Ml Com 10 Unidades| 7,12
Pote Para Brigadeiro de Colher Branco 25 Ml Strawplast Com 10 Unidades| 1,44
Prato de Plástico Metalizado 15Cm Plazapel Com 10 Unidades| 2,86
Prato Descartável Quadrado Branco Quality Line 21 Cm Prafesta Com 10 Unidades| 3,39
Prato Descartável Quadrado Cristal 15 Cm Prafesta Com 10 Unidades| 5,64
Prato Descartável Quadrado Cristal 21 Cm Prafesta Com 10 Unidades| 9,47
Prato Descartável Redondo Cristal 15 Cm Prafesta Com 10 Unidades| 5,48
Prato Descartável Redondo Cristal 21 Cm Prafesta Com 10 Unidades| 8,25
Prato Descartável Redondo Cristal Fundo 12 Cm Prafesta Com 10 Unidades| 1,26
Prato Descartável Redondo Fundo 15 Cm Copoplast Com 10 Unidades| 0,69
Prato Descartável Redondo Fundo Branco Prf-015 Copobras Com 10 Unidades| 1,11
Prato Descartável Redondo Fundo Branco Prf-023 Copobras Com 10 Unidades| 3,29
Prato Descartável Redondo Raso 15 Cm Copoplast Com 10 Unidades| 0,54
Prato Fundo de Isopor Cmb 015 Copobras Com 20 Unidades| 2,97
Prato Fundo Descartável Translúcido Copaza Pr-15 Com 50 Unidades| 7,86
Prato Raso Descartável Branco Copaza Pr-15 Com 10 Unidades| 1,06
Presunto Cru Espanhol Jamón Fatiado Ceratti 100 Gramas| 13,22
Presunto Cru Italiano Parma Fatiado Ceratti 100 Gramas| 13,22
Proteína de Soja Texturizada Clara Sinhá 400 Gramas| 3,82
Proteína de Soja Texturizada Escura Sinhá 400 Gramas| 4,03
Puro Ar Aroma Lavanda Audax Facilita 360 Ml| 7,24
Puro Ar Aroma Talco Audax Facilita 360 Ml| 7,24
Queijo Camembert Sao Vicente 125 Gr| 10,73
Queijo Coalho Barra Buritis Kg| 24,99
Queijo Coalho No Espeto Danata Kg| 34,24
Queijo Coalho No Espeto Dona Formosa Kg| 32,33
Queijo Coalho No Espeto Scala Kg| 35,42
Queijo Cremoso Light Polenguinho 16 Unidades de 34 Gramas| 26,70
Queijo Cremoso Light Polenguinho 72 Unidades de 17 Gramas| 46,06
Queijo Cremoso Tradicional Polenguinho 72 Unidades de 17 Gramas| 45,31
Queijo Gorgonzola São Vicente 160 Gramas| 11,80
Queijo Minas Meia Cura Uai Kg| 19,88
Queijo Minas Padrão Cristaulat Kg| 24,77
Queijo Minas Padrão Dona Formosa Kg| 25,31
Queijo Minas Padrão Ita Kg| 29,61
Queijo Minas Padrão Uai Kg| 21,91
Queijo Minas Padrão Zero Lactose Verde Campo Kg| 40,84
Queijo Mussarela Fatiado Porto Alegre 500 Gramas| 13,29
Queijo Mussarela Marilia Kg| 19,99
Queijo Parmesão Dona Formosa Kg| 40,21
Queijo Parmesão Fracionado Danata Kg| 38,71
Queijo Parmesão Fracionado Dona Formosa Kg| 44,15
Queijo Parmesão Ralado Fino da Vaca 1 Kg| 34,51
Queijo Tipo Burrata de Búfala Bom Destino 200 Gramas| 12,75
Queijo Tipo Emmental Fracionado Supremo Kg| 49,04
Queijo Tipo Gorgonzola Forma Marília Kg| 37,97
Queijo Tipo Gorgonzola Fracionado Marília Kg| 40,95
Queijo Tipo Gouda Marília Kg| 41,59
Queijo Tipo Gouda Reggio Frimesa Kg| 33,19
Queijo Tipo Gruyère Fracionado Supremo Kg| 49,04
Quinoa Já Cozida Orgânico Vapza 250 Gramas| 7,04
Refil Rodo Suipy Mop Sec Limppano Unidade| 17,06
Removedor Tradicional Zulu 1 L| 9,33
Requeijão Cremoso Scala 400 Gramas| 10,63
Requeijão Pote  Porto Alegre 420 Gramas| 8,39
Ricota Cristaulat Kg| 9,46
Ricota Fresca Danata Kg| 10,63
Rodo Médio 42,5 Cm Brilhus Bettanin| 12,28
Rodo Mop Refil 60 Cm  Bralimpia Unidade| 22,12
Rodo Mop Secador Mágico Brilhus Bettanin| 37,34
Rodo Mop Suipy Ultra Sec Limppano Unidade| 31,36
Rodo Pequeno 32,5 Cm Brilhus Bettanin| 10,95
Rodo Push Grande Bettanin 51 Cm| 27,05
Rodo Push Médio Bettanin 42 Cm| 22,31
Rosas Pequenas Sortidas Decorativas Rich's Com 30 Unidades| 51,99
Sabão Desengordurante Em Pasta Citronela Brilhex 1 L| 4,68
Sabão Em Barra Azul Ypê 5 Unidades de 200 Gramas| 6,48
Sabão Em Barra Coco e Aveia Ypê 5 Unidades de 200 Gramas| 7,34
Sabão Em Barra Coco Santa Clara 200 Gramas| 1,68
Sabão Em Barra Neutro Ypê 5 Unidades de 200 Gramas| 6,16
Sabão Em Gel Pinho Brilhex 2 Kg| 7,75
Sabão Em Gel Pinho Classic 2 L| 6,77
Sabão Em Pasta Brilho Alumil Start 500 Gramas| 3,50
Sabão Em Pasta Desengordurante Pinho Marina 1 L| 5,96
Sabão Em Pó Amarelo 1 Kg| 4,78
Sabão Em Pó Bh 1 Kg| 4,34
Sabão Em Pó Tixan Primavera 1 Kg| 6,48
Sabão Líquido Tixan Ypê 2 L| 13,31
Sabão Líquido Tixan Ypê 3 L| 20,42
Saco Para Freezer Com Fechamento Hermético 27X31 Cm Wyda Com 8 Unidades| 5,52
Saco Para Lixo Reforçado 110 Litros Fix Lixo Com 20 Unidades| 18,29
Saco Para Lixo Reforçado 200 Litros Fix Lixo Com 5 Unidades| 6,50
Saco Para Lixo Reforçado 50 Litros Fix Lixo Com 10 Unidades| 5,85
Saco Plástico Para Chup-Chup Transparente 5X23 Cm Kromasa Com 1.000 Unidades| 5,95
Saco Plástico Picotado 3 L Pratsy Com 100 Unidades| 7,44
Saco Plástico Picotado 5 L Pratsy Com 100 Unidades| 9,24
Sacola Plástica Branca 30X40 Cm Hiper Roll 1.000 Unidades| 28,36
Sacola Plástica Branca 30X40 Cm Premium Com 1.000 Unidades| 24,14
Sacola Plástica Branca 38X48 Cm Hiper Roll Com 1.000 Unidades| 50,75
Sacola Plástica Branca 38X48 Cm Premium Com 1.000 Unidades| 41,24
Sagu de Mandioca Yoki 500 Gramas| 8,08
Sal Defumado Com Moedor Smart 100 Gramas| 16,80
Sal e Ervas Com Moedor Smart 71 Gramas| 15,52
Sal e Pimenta do Reino Com Moedor Smart 87 Gramas| 17,97
Sal Grosso Para Churrasco Globo 10 Unidades de 1 Kg | 13,71
Sal Grosso Para Churrasco Ita 10 Unidades de 1 Kg| 11,17
Sal Grosso Para Churrasco Pachá 10 Unidades de 1Kg| 10,25
Sal Grosso Para Churrasco Temperado Temperatta 500 Gramas| 2,60
Sal Light Litesalt (Saleiro) Linea 100 Gramas| 3,62
Sal Marinho Com Moedor Smart 100 Gramas| 15,39
Sal Marinho Defumado Para Churrasco Smart 350 Gramas| 15,95
Sal Moído Caiçara 10 Unidades de 1 Kg| 6,78
Sal Moído Dunorte 10 Unidades de 1 Kg| 8,40
Sal Refinado Globo 10 Unidades de 1 Kg| 13,71
Sal Refinado Ita 10 Unidades de 1 Kg| 9,47
Sal Refinado Salmonete 10 Unidades de 1 Kg| 9,35
Sal Rosa do Himalaia Com Moedor Smart 100 Gramas| 16,80
Sal Rosa do Himalaia Fino Pouch Smart 500 Gramas| 12,07
Sal Rosa do Himalaia Para Churrasco Smart 370 Gramas| 19,04
Salada Pronta Com Cenoura Em Cubos, Ervilha, Couve-Flor, Brócolis e Vagem Mix Clássico Grano 300 Gramas| 3,60
Salada Pronta Com Grão de Bico, Tomate Cereja e Cebola Mix Salada Grano 300 Gramas| 3,90
Salada Pronta Com Milho, Pimentão, Broto de Feijão, Tomate Cereja, Feijão Vermelho e Cebola Mix do Chef Grano 300 Gramas| 2,12
Salaminho Rezende Kg| 34,12
Salsicha Aperitivo Ceratti Kg| 19,88
Sapólio Radium Cremoso Clássico Bom Bril 300 Ml| 5,21
Sapólio Radium Cremoso Cloro Ativo Bom Bril 300 Ml| 5,21
Sapólio Radium Cremoso Limão Bom Bril 300 Ml| 5,21
Sapólio Radium Em Pó Clássico Bom Bril 300 Gramas| 3,28
Sapólio Radium Em Pó Cloro Ativo Bom Bril 300 Gramas| 3,28
Saponáceo Cremoso Aroma Limão Reax 400 Gramas| 5,51
Sardinha Ao Molho de Tomate Rubi 130 Gramas| 2,32
Sardinha Com Óleo Rubi 130 Gramas| 2,32
Sardinha Em Óleo Coqueiro 125 Gramas| 2,95
Sardinhas Ao Molho de Tomate Gomes da Costa 125 Gramas| 3,02
Sardinhas Em Óleo Comestível Gomes da Costa 770 Gramas| 22,36
Sardinhas Em Óleo Gomes da Costa 125 Gramas| 3,01
Seleta de Legumes Bonare Goiás Verde 24 Unidades de 200 Gramas| 49,21
Seleta de Legumes Já Cozida Vapza 500 Gramas| 6,97
Semente de Chia Contemper 100 Gramas| 4,77
Semente de Linhaça Marron Natureza Viva 500 Gramas| 5,73
Shake Premium Chocolate Zero Açúcar Linea 400 Gramas| 17,44
Soja Em Grão Camil 500 Gramas| 3,09
Sorvete Sabor Chocolate Guilatto 1,4 L| 17,21
Sorvete Sabor Creme Guilatto 1,4L| 20,77
Sorvete Sabor Flocos Guilatto 1,4 L| 8,37
Sorvete Sabor Palha Italiana Guilatto 1,5 L| 23,39
Sorvete Sabor Torta Limão Guilatto 1,4 L| 23,39
Suco Concentrado de Abacaxi Maguary 500 Ml| 5,28
Suco Concentrado de Caju Dafruta 1 L| 5,13
Suco Concentrado de Caju Maguary 500 Ml| 3,12
Suco Concentrado de Goiaba Dafruta 1 L| 5,82
Suco Concentrado de Goiaba Maguary 500 Ml| 5,28
Suco Concentrado de Manga Maguary 500 Ml| 5,28
Suco Concentrado de Maracujá Dafruta 1 L| 9,28
Suco Concentrado de Maracujá Maguary 500 Ml| 6,47
Suco Concentrado de Uva Maguary 500 Ml| 5,28
Suco de Abacaxi Com Hortelã Néctar Bela Ischia 1 L | 3,12
Suco de Abacaxi Life Zero Açúcar Maguary 1 L| 5,39
Suco de Abacaxi Néctar Nutri 1 L| 3,08
Suco de Acerola Néctar Bela Ischia 1 L| 3,12
Suco de Acerola Néctar Bela Ischia Com 27 Unidades de 200 Ml| 24,77
Suco de Caju Concentrado Bela Ischia 1 L| 5,14
Suco de Caju Concentrado Dafruta 500 Ml| 2,58
Suco de Caju Néctar Bela Ischia 1 L| 3,12
Suco de Caju Néctar Bela Ischia 27 Unidades de 200 Ml| 24,76
Suco de Caju Néctar Nutri 1 L| 3,28
Suco de Caju Néctar Nutri 27 Unidades de 200 Ml| 26,70
Suco de Goiaba Concentrado Bela Ischia 1 L| 5,28
Suco de Goiaba Néctar Bela Ischia 1 L| 3,12
Suco de Goiaba Néctar Bela Ischia 27 Unidades de 200 Ml| 28,07
Suco de Goiaba Néctar Nutri 1 L| 3,08
Suco de Goiaba Néctar Nutri 27 Unidades de 200 Ml| 26,70
Suco de Laranja Néctar Nutri 1 L| 3,08
Suco de Manga Concentrado Bela Ischia 1 L| 5,28
Suco de Manga Light Néctar Bela Ischia 1 L| 3,12
Suco de Manga Light Néctar Nutri 1 L| 2,95
Suco de Manga Néctar Bela Ischia 1 L| 3,12
Suco de Manga Néctar Nutri 1 L| 3,08
Suco de Maracujá Albumina Protein Juice 1 L| 5,83
Suco de Maracujá Albumina Protein Juice 27 Unidades de 200 Ml| 68,07
Suco de Maracujá Concentrado Bela Ischia 1 L| 10,79
Suco de Maracujá Néctar Maguary 6 Unidades de 335 Ml| 13,68
Suco de Maracujá Néctar Nutri 1 L| 3,08
Suco de Maracujá Néctar Nutri 27 Unidades de 200 Ml| 26,70
Suco de Pêssego Néctar Bela Ischia 1 L| 3,12
Suco de Pêssego Néctar Bela Ischia 27 Unidades de 200 Ml| 24,76
Suco de Pêssego Nectar Nutri 1 L| 3,28
Suco de Pessego Néctar Nutri 27 Unidades de 200 Ml| 26,70
Suco de Tangerina Integral Campo Largo 1 L| 10,82
Suco de Tangerina Néctar Maguary 6 Unidades de 335 Ml| 14,03
Suco de Tangerina Néctar Nutri 1 L| 3,08
Suco de Tangerina Néctar Nutri 27 Unidades de 200 Ml| 25,93
Suco de Uva Branco Integral Aliança 1,5 L| 12,38
Suco de Uva Branco Integral Campo Largo 1 L| 9,14
Suco de Uva Concentrado Bela Ischia 1 L| 7,25
Suco de Uva Concentrado Dafruta 1 L| 5,25
Suco de Uva Light Néctar Bela Ischia 1 L| 3,12
Suco de Uva Light Nectar Nutri 1 L| 3,08
Suco de Uva Néctar Bela Ischia 27 Unidades de 200 Ml| 24,76
Suco de Uva Néctar Maguary 6 Unidades de 335 Ml| 14,03
Suco de Uva Néctar Nutri 1 L| 3,08
Suco de Uva Néctar Nutri 27 Unidades de 200 Ml| 26,70
Suco de Uva Tinto Integral Aliança 1,5 L| 12,38
Suco de Uva Tinto Integral Campo Largo 1 L| 11,48
Suco Misto de Laranja Com Maçã Néctar Bela Ischia 1 L| 3,12
Suco Misto de Uva Com Maçã Néctar Bela Ischia 1 L| 3,12
Suporte Para Bobina Fundo Estrela| 35,84
Suporte Para Filtro 103 Melitta Unidade| 6,26
Tempero de Pimenta e Limão Lemon Pepper Com Moedor Smart 72 Gramas| 19,46
Tempero Para Carne Com Moedor Smart 57 Gramas| 16,22
Tempero Para Churrasco Aji-Sal Ajinomoto 2 Kg| 17,34
Tender Bolinha Defumado Sem Osso Ceratti Kg| 31,80
Tira Limo Com Cloro Ativo Pratice Bom Bril 500 Ml| 4,58
Tira Manchas Power Vantage Bom Bril 1 L| 12,87
Tomate Pelati Lata Baronía 400 Gramas| 4,14
Tomate Seco Em Conserva Solanum 280 Gramas| 10,64
Torresmo Pronto Torresminas 500 Gramas| 14,57
Torresmo Semi Pronto Torresminas 200 Gramas| 5,10
Trigo Para Kibe Pachá 10 Unidades de 500 Gramas| 19,99
Vassoura Esfregão Com Cabo Limppano| 10,69
Vassoura Multipiso Limppano Unidade| 8,02
Vassoura Noviça Bettanin Unidade| 10,95
Vassoura Piaçava Nº3 Princezinha| 24,79
Vassoura Pra Fora Limppano Unidade| 11,38
Vassoura Varry 1000 Bettanin Unidade| 12,29
Vela de Aniversário Big N° 0 Azul Junco| 3,46
Vela de Aniversário Big N° 0 Branca Junco| 3,46
Vela de Aniversário Big N° 0 Rosa Junco| 3,46
Vela de Aniversário Big N° 1 Azul Junco| 3,46
Vela de Aniversário Big N° 1 Branca Junco| 3,46
Vela de Aniversário Big N° 1 Rosa Junco| 3,46
Vela de Aniversário Big N° 2 Azul Junco| 3,46
Vela de Aniversário Big N° 2 Branca Junco| 3,46
Vela de Aniversário Big N° 2 Rosa Junco| 3,46
Vela de Aniversário Big N° 3 Azul Junco| 3,46
Vela de Aniversário Big N° 3 Branca Junco| 3,46
Vela de Aniversário Big N° 3 Rosa Junco| 3,46
Vela de Aniversário Big N° 4 Azul Junco| 3,46
Vela de Aniversário Big N° 4 Branca Junco| 3,46
Vela de Aniversário Big N° 4 Rosa Junco| 3,46
Vela de Aniversário Big N° 5 Azul Junco| 3,46
Vela de Aniversário Big N° 5 Branca Junco| 3,46
Vela de Aniversário Big N° 5 Rosa Junco| 3,46
Vela de Aniversário Big N° 6 Azul Junco| 3,46
Vela de Aniversário Big N° 6 Branca Junco| 3,46
Vela de Aniversário Big N° 6 Rosa Junco| 3,46
Vela de Aniversário Big N° 7 Azul Junco| 3,46
Vela de Aniversário Big N° 7 Branca Junco| 3,46
Vela de Aniversário Big N° 7 Rosa Junco| 3,46
Vela de Aniversário Big N° 8 Azul Junco| 3,46
Vela de Aniversário Big N° 8 Branca Junco| 3,46
Vela de Aniversário Big N° 8 Rosa Junco| 3,46
Vela de Aniversário Big N° 9 Azul Junco| 3,46
Vela de Aniversário Big N° 9 Branca Junco| 3,46
Vela de Aniversário Big N° 9 Rosa Junco| 3,46
Vinagre Aceto Balsâmico de Modena Vidro Monde 250 Ml| 9,24
Vinagre Aceto Balsâmico Tinto Gallo 250 Ml| 9,03
Vinagre Aceto Balsâmico Tinto Vidro Mastroiani 250 Ml| 8,29
Vinagre Aceto Balsâmico Tinto Vidro Mastroiani 500 Ml| 11,22
Vinagre Aceto Balsâmico Vidro Castelo 250 Ml| 7,86
Vinagre Agrin Branco Belmont 12 Unidades de 750 Ml| 21,80
Vinagre Agrin Branco Belmont 750 Ml| 1,86
Vinagre Agrin Tinto Belmont 750 Ml| 1,86
Vinagre Com Alecrim Leve Vita Castelo 450 Ml| 11,26
Vinagre de Álcool Belmont 750 Ml| 1,86
Vinagre de Álcool Castelo 750 Ml| 1,76
Vinagre de Álcool Colorido Castelo 750 Ml| 1,76
Vinagre de Álcool Com Aroma de Alho Belmont 750 Ml| 2,54
Vinagre de Álcool Com Aroma de Limão Belmont 750 Ml| 2,54
Vinagre de Maçã Belmont 750 Ml| 3,19
Vinagre de Maçã Castelo 750 Ml| 4,95
Vinagre de Vinho Branco Castelo 750 Ml| 4,03
Vinagre de Vinho Tinto Castelo 750 Ml| 4,03
Vinagre Vegetal Orgânico de Cana de Açucar Flach 500 Ml| 19,99
Vinagre Vinho Branco Gallo 250 Ml| 7,86
Vinagre Vinho Tinto Vidro Gallo 250Ml| 7,86
Vinho Branco Seco Para Uso Culinário Campo Largo 750 Ml| 10,84
Vinho Branco Suave Para Uso Culinário Campo Largo 750 Ml| 10,31
Vinho Tinto Seco Para Uso Culinário Campo Largo 750 Ml| 10,84
Vinho Tinto Suave Para Uso Culinário Campo Largo 750 Ml| 10,84
